item_id,order_id,product_id,quantity,unit_price,discount_percent
1,669,81,2,635.7,90.2
2,575,85,5,699.84,90.2
3,1601,59,5,709.56,60.9
4,511,5,4,316.89,88.1
5,304,136,5,493.49,60.3
6,1963,100,3,778.55,79.1
7,294,16,3,476.38,22.3
8,2006,38,5,784.77,95.7
9,644,52,5,825.02,64.6
10,1224,16,5,736.82,19.5
11,579,109,2,702.14,85.3
12,419,8,2,653.38,76.2
13,953,98,2,557.49,59.4
14,221,51,3,707.77,45.3
15,264,32,3,57.16,32.7
16,291,97,3,552.38,62.9
17,811,9,2,645.4,32.4
18,81,34,5,499.19,92.7
19,210,61,5,96.4,36.0
20,167,18,4,494.99,54.5
21,1315,141,4,823.73,81.4
22,237,15,3,646.53,55.8
23,1727,11,2,222.91,23.3
24,1783,83,2,390.59,63.4
25,1045,107,3,552.28,4.0
26,428,2,2,352.63,8.1
27,1043,39,2,538.55,91.5
28,577,131,3,391.48,83.5
29,525,67,3,395.67,65.0
30,913,132,5,771.17,20.5
31,794,53,1,204.14,57.0
32,1706,78,2,364.13,5.4
33,1161,7,3,313.35,21.6
34,684,100,2,721.37,45.8
35,1544,123,2,563.03,28.5
36,1756,28,2,884.99,85.3
37,1756,1,1,306.93,38.1
38,327,56,1,647.54,97.1
39,764,6,1,300.98,3.5
40,291,53,3,124.72,63.7
41,1624,122,1,178.71,11.3
42,933,70,5,273.72,70.3
43,1498,102,2,679.63,3.0
44,1701,4,4,578.88,4.4
45,1577,123,3,206.69,26.7
46,1973,115,2,811.3,99.6
47,1154,126,4,793.0,71.6
48,587,95,3,458.98,47.2
49,1349,139,3,149.97,73.5
50,357,120,5,983.6,76.7
51,1378,105,4,363.53,43.2
52,1813,92,2,647.24,45.1
53,1394,88,2,508.82,86.0
54,1227,41,3,851.84,57.4
55,1623,102,2,86.33,41.9
56,1027,27,5,577.59,25.5
57,1930,86,2,491.73,32.5
58,765,134,5,658.61,39.3
59,1536,28,4,229.69,64.4
60,1422,130,2,800.94,49.5
61,1424,104,3,306.34,20.9
62,1949,8,-2,299.31,20.7
63,1394,116,1,951.26,42.2
64,826,77,1,346.45,37.5
65,1269,11,5,680.72,97.7
66,720,122,1,861.87,38.4
67,201,90,4,949.38,68.5
68,779,23,1,477.5,54.4
69,1484,87,1,245.17,98.4
70,635,116,5,220.47,41.1
71,263,8,5,935.86,44.4
72,949,100,3,802.3,53.6
73,519,133,5,493.64,90.2
74,334,85,1,429.6,68.7
75,158,64,2,10.66,77.6
76,1855,12,2,305.77,22.3
77,1196,114,4,809.38,94.8
78,337,145,2,28.56,49.6
79,881,95,1,636.66,10.6
80,572,109,4,71.6,8.7
81,1362,130,3,919.68,90.7
82,248,147,1,190.86,19.7
83,1119,123,3,71.48,79.0
84,847,60,1,206.44,30.0
85,801,131,1,789.15,11.3
86,1200,36,-5,322.93,24.4
87,438,123,2,481.34,9.9
88,1298,19,5,150.38,12.7
89,1764,19,1,568.33,24.7
90,1720,68,3,409.36,75.2
91,657,96,-4,393.82,60.6
92,1534,131,2,889.3,64.6
93,323,74,2,499.65,7.5
94,855,38,1,774.05,4.0
95,576,88,4,306.98,53.5
96,632,99,4,758.63,84.0
97,1148,147,5,141.58,33.7
98,1998,17,3,255.33,26.8
99,592,81,5,927.19,32.4
100,392,50,3,826.61,51.8
101,541,49,5,769.47,89.1
102,1577,93,3,714.06,55.3
103,948,31,5,725.97,87.6
104,422,87,5,187.16,64.7
105,504,70,4,932.82,45.9
106,522,32,5,966.68,81.3
107,7,66,1,928.17,45.5
108,1196,108,3,203.19,5.1
109,1003,112,5,389.95,11.9
110,741,18,1,280.97,54.8
111,1606,109,1,208.87,89.1
112,21,71,1,287.77,24.1
113,1237,142,5,356.78,23.6
114,1197,44,3,806.68,82.5
115,1263,24,1,573.38,61.4
116,1658,64,4,846.16,22.1
117,340,72,2,111.85,23.9
118,1188,115,5,217.32,10.0
119,1460,99,4,851.33,75.1
120,1567,126,3,439.47,87.5
121,43,100,4,839.03,60.7
122,1441,97,1,172.54,40.4
123,724,75,4,898.96,37.9
124,1968,145,1,247.85,69.8
125,1639,89,1,362.72,2.0
126,913,66,4,351.49,26.9
127,533,57,4,854.38,64.5
128,1660,98,2,367.75,76.1
129,1876,142,2,54.81,7.9
130,928,112,2,282.12,91.6
131,639,60,2,872.45,62.1
132,1604,121,2,942.31,89.5
133,1655,20,2,72.05,10.2
134,367,119,5,555.67,36.9
135,1093,3,2,328.85,17.2
136,1666,15,1,396.84,16.7
137,1734,95,2,576.0,27.9
138,359,42,1,641.94,75.5
139,773,118,-2,531.25,49.0
140,1128,135,5,469.29,64.7
141,1611,104,5,752.87,52.3
142,1031,10,4,210.86,60.0
143,612,106,1,385.66,30.0
144,998,56,2,438.36,63.8
145,1772,36,5,650.83,30.2
146,34,65,2,489.34,46.6
147,1808,107,2,959.82,24.5
148,1311,14,1,353.8,90.9
149,1787,76,4,358.0,51.3
150,1913,85,4,197.51,92.2
151,208,144,2,273.26,2.5
152,1068,104,-3,337.37,61.3
153,669,133,3,587.69,88.4
154,888,141,5,730.02,56.6
155,1983,97,2,333.5,71.4
156,1301,51,3,97.72,38.4
157,86,35,1,198.52,56.9
158,1692,146,2,258.87,91.6
159,2002,68,2,728.6,78.7
160,1875,127,2,118.67,66.9
161,702,96,5,851.34,95.6
162,1144,85,5,633.37,32.7
163,1397,72,5,807.16,77.8
164,1669,70,1,331.51,50.9
165,1484,77,4,802.67,25.8
166,1137,57,2,881.34,24.9
167,1897,130,1,366.18,74.3
168,679,42,3,624.94,94.8
169,1588,15,3,438.45,81.5
170,970,95,1,122.64,23.6
171,1008,104,4,432.96,23.5
172,1648,84,2,595.48,85.3
173,169,110,1,495.19,9.2
174,1655,1,2,473.85,3.3
175,1728,92,3,667.73,8.8
176,635,150,3,86.93,4.0
177,2004,126,2,112.0,59.3
178,1078,73,1,142.92,46.2
179,323,58,5,690.59,3.2
180,1362,116,2,361.96,50.9
181,1446,61,4,795.29,84.7
182,432,40,2,41.61,5.9
183,303,33,1,153.58,7.3
184,1409,124,3,438.16,12.3
185,1931,78,5,937.75,21.0
186,70,50,3,348.36,4.9
187,1646,128,3,466.19,96.7
188,1767,84,3,746.55,70.7
189,1963,48,5,12.4,78.3
190,852,86,1,152.43,88.4
191,1237,52,4,722.18,41.8
192,1294,96,3,340.49,10.5
193,1986,38,5,335.86,65.9
194,1035,136,3,993.66,61.2
195,891,141,1,293.74,99.7
196,583,17,-3,477.14,87.8
197,1873,81,5,835.63,22.3
198,1826,149,1,257.87,26.5
199,84,116,2,242.79,0.2
200,156,140,3,940.22,1.6
201,1501,14,3,499.15,58.0
202,1132,61,3,926.0,38.9
203,363,4,5,686.66,8.0
204,1939,34,-4,931.43,73.1
205,599,110,3,208.07,16.4
206,1909,139,3,693.1,63.9
207,319,1,1,953.82,6.6
208,1554,30,3,766.08,33.8
209,1711,32,5,483.84,61.4
210,730,100,1,807.57,54.5
211,38,23,5,992.16,16.2
212,1070,90,5,34.64,85.4
213,886,104,1,216.3,19.0
214,1585,18,5,976.26,74.5
215,1913,118,4,390.34,64.3
216,86,1,1,573.08,1.7
217,763,2,3,969.74,86.2
218,1727,144,1,767.29,59.3
219,1134,88,5,124.15,81.1
220,1307,138,3,823.05,29.3
221,113,36,3,697.43,81.6
222,575,20,3,975.25,36.4
223,1513,7,3,981.35,32.8
224,1781,26,2,365.72,9.5
225,684,47,3,578.53,58.2
226,101,141,3,756.07,91.3
227,1460,140,5,300.72,55.2
228,1834,11,4,315.33,87.8
229,683,36,3,73.4,94.9
230,219,93,4,408.96,10.7
231,1925,64,5,86.6,16.8
232,1166,5,1,472.96,72.9
233,1512,105,5,10.26,52.3
234,1628,61,2,64.07,21.1
235,395,35,5,407.5,59.1
236,590,32,3,708.37,25.5
237,3,49,1,748.05,69.1
238,1668,64,5,136.79,4.0
239,1526,102,1,137.3,21.8
240,1177,29,1,830.82,1.4
241,423,32,4,869.46,32.5
242,1351,114,5,664.8,85.8
243,798,63,3,492.46,94.9
244,517,41,1,66.1,88.9
245,940,106,5,114.86,28.7
246,363,122,4,786.77,53.0
247,713,116,3,204.92,86.4
248,1974,123,4,224.46,90.5
249,481,142,4,512.15,93.4
250,1478,26,3,275.45,65.8
251,1529,146,-4,957.37,10.7
252,517,143,2,856.57,57.4
253,1888,136,2,8.35,95.9
254,1413,88,5,6.45,19.3
255,628,70,4,588.26,62.9
256,1968,92,5,100.61,47.2
257,502,87,3,360.1,75.9
258,1010,144,2,21.35,7.6
259,281,12,2,208.93,41.2
260,149,141,1,444.07,13.6
261,448,66,3,16.64,58.7
262,575,54,5,98.02,92.4
263,192,138,3,747.69,93.8
264,975,2,3,926.6,49.0
265,1630,26,4,93.27,58.3
266,569,90,1,934.98,75.3
267,337,147,1,26.25,27.5
268,322,46,2,199.88,20.9
269,944,58,1,620.55,3.1
270,1483,77,2,835.57,43.2
271,1708,2,2,175.52,3.5
272,1727,41,4,215.73,15.4
273,470,134,2,715.15,88.4
274,1846,150,5,984.49,88.6
275,1218,56,5,953.85,42.5
276,1628,67,4,608.25,92.6
277,1712,76,1,378.65,53.5
278,1792,33,5,901.33,23.0
279,1945,102,1,909.79,58.1
280,277,138,1,876.42,79.9
281,104,140,5,885.0,24.1
282,695,67,5,264.83,54.9
283,91,53,4,144.01,79.0
284,184,114,5,76.08,72.1
285,1511,71,3,992.79,33.8
286,24,7,1,863.57,72.3
287,338,49,5,483.38,80.5
288,1832,15,5,788.53,74.8
289,1473,81,2,382.15,11.5
290,1323,67,3,163.48,54.6
291,1369,74,5,493.68,91.0
292,360,11,3,317.54,46.9
293,958,13,1,7.78,26.1
294,708,133,3,278.7,15.0
295,252,69,2,514.12,99.1
296,101,44,3,786.21,37.5
297,1463,14,1,409.7,24.0
298,1258,91,5,787.59,1.7
299,1304,17,5,65.41,80.2
300,1773,136,4,128.64,55.6
301,11,67,3,962.34,64.4
302,971,64,4,518.09,37.8
303,1083,63,1,159.09,6.6
304,1268,134,3,573.56,66.9
305,835,63,3,880.05,75.6
306,1480,27,5,313.04,77.8
307,1789,75,1,945.73,63.2
308,1938,11,3,190.66,78.9
309,756,48,3,297.36,95.9
310,48,79,1,414.14,28.0
311,1180,6,5,773.18,73.1
312,1139,71,5,334.89,97.2
313,1704,88,1,42.35,68.7
314,1747,56,3,212.89,76.5
315,1697,81,5,884.06,12.2
316,1653,24,2,99.1,60.0
317,1478,51,1,244.89,9.1
318,1009,83,2,999.45,3.9
319,72,130,1,499.18,96.2
320,196,105,4,780.02,72.0
321,18,54,1,821.25,99.7
322,219,29,3,551.99,83.8
323,27,86,2,474.91,70.3
324,581,107,5,917.09,88.2
325,803,89,3,138.26,5.8
326,146,148,1,290.4,53.9
327,814,7,5,588.62,75.7
328,350,130,2,152.14,24.0
329,692,66,4,934.11,69.5
330,603,105,2,940.96,4.3
331,44,102,3,431.53,96.6
332,1064,33,1,429.38,84.7
333,1934,15,2,522.66,20.3
334,1812,7,5,389.35,68.5
335,1926,45,2,768.76,25.4
336,107,47,4,439.06,10.9
337,994,37,4,623.07,98.4
338,595,78,1,896.88,0.5
339,917,61,2,479.5,66.7
340,1831,12,5,215.9,64.5
341,255,95,1,454.28,69.4
342,98,145,5,582.94,6.5
343,1176,116,2,991.93,58.3
344,1549,108,5,767.8,57.3
345,1599,117,3,94.21,52.2
346,1605,146,3,251.96,33.0
347,44,146,5,620.69,97.5
348,359,58,2,297.96,14.1
349,828,15,5,410.78,70.0
350,969,31,2,459.9,41.8
351,1315,56,4,312.95,94.3
352,1065,93,5,651.94,89.9
353,1347,73,5,828.87,89.7
354,1818,145,1,611.96,34.1
355,1739,92,2,546.78,14.7
356,192,97,5,347.99,63.0
357,444,110,1,102.76,83.1
358,1570,81,2,573.65,98.0
359,516,103,2,543.76,24.1
360,637,11,5,855.36,83.3
361,1541,132,-2,437.08,39.1
362,129,100,1,506.38,7.5
363,1668,7,5,52.68,6.6
364,1254,19,3,858.55,32.1
365,1585,134,2,199.92,58.2
366,843,95,2,224.41,28.0
367,1015,73,4,393.78,5.8
368,1814,106,2,673.04,59.6
369,1138,126,1,726.36,82.6
370,1891,145,1,700.78,60.2
371,540,135,1,676.26,26.3
372,407,23,2,937.56,95.4
373,1465,103,2,113.17,54.5
374,22,43,2,679.64,7.9
375,778,109,1,241.78,51.3
376,272,147,4,976.55,37.6
377,917,140,1,300.24,26.5
378,1969,83,2,52.55,86.4
379,89,73,1,994.95,23.7
380,513,137,1,112.74,14.2
381,1620,44,4,915.59,7.5
382,1309,138,1,828.19,10.2
383,1064,140,4,343.44,83.0
384,1407,110,5,867.25,23.2
385,498,46,1,545.79,99.6
386,694,116,2,959.97,2.3
387,1206,110,5,405.77,92.7
388,980,128,1,239.77,40.5
389,301,1,1,379.24,14.4
390,351,90,2,331.25,15.9
391,1391,86,-3,541.38,44.7
392,543,19,4,525.22,77.0
393,1169,102,2,969.07,75.5
394,1142,69,5,239.04,62.3
395,1605,41,5,131.24,91.9
396,1636,59,1,664.0,54.2
397,1226,75,3,650.13,29.8
398,1733,17,5,649.03,28.4
399,1118,10,5,696.8,44.1
400,367,103,2,450.34,47.8
401,1991,116,-2,278.53,78.0
402,131,137,4,495.01,54.2
403,1177,40,4,837.86,12.9
404,402,10,4,791.58,53.2
405,2,61,4,371.84,69.6
406,1359,100,3,384.03,62.0
407,1166,32,1,172.08,90.0
408,1529,69,3,254.95,93.4
409,1216,91,4,827.34,61.1
410,506,148,2,847.51,79.0
411,456,147,2,934.86,34.0
412,164,87,3,723.81,93.2
413,1936,148,3,176.0,94.6
414,1423,95,2,106.71,86.0
415,218,95,5,368.98,95.2
416,539,144,4,327.75,61.0
417,1584,58,3,12.56,30.7
418,1798,20,5,926.69,11.3
419,992,134,2,833.86,33.4
420,1625,94,1,214.13,30.8
421,930,84,1,206.29,21.7
422,1269,122,2,729.2,95.1
423,1636,82,4,50.56,96.0
424,1734,28,2,287.06,77.0
425,1590,99,3,617.64,94.8
426,1212,16,5,607.05,83.5
427,14,61,3,845.48,52.7
428,714,36,4,935.5,55.7
429,1589,84,4,864.71,58.4
430,1545,72,4,302.16,16.8
431,692,72,5,543.64,34.0
432,1976,82,3,788.67,84.2
433,1029,31,2,967.8,81.2
434,681,2,1,883.08,4.3
435,763,60,2,77.38,23.6
436,1692,82,1,73.9,0.6
437,70,109,5,557.77,18.2
438,622,135,3,618.82,38.6
439,1468,57,4,425.96,89.9
440,1474,39,3,748.17,13.0
441,1513,74,2,213.11,95.9
442,1650,28,2,738.36,19.0
443,410,2,5,628.78,62.4
444,1513,134,1,248.52,26.2
445,1470,7,5,534.85,76.7
446,1447,46,1,787.99,90.0
447,658,93,3,564.23,26.6
448,317,84,5,146.73,9.0
449,1751,142,4,244.88,10.2
450,1780,31,2,647.19,17.6
451,441,56,2,926.17,65.5
452,1960,45,1,159.42,95.5
453,439,26,4,734.14,79.9
454,1199,61,1,555.37,14.4
455,666,63,3,790.4,85.6
456,656,69,5,420.79,48.9
457,1510,101,4,293.39,94.2
458,535,128,3,613.16,72.5
459,916,150,5,441.6,18.7
460,144,64,2,668.39,59.6
461,1866,55,4,492.88,89.5
462,1187,133,5,246.81,14.9
463,1542,94,1,400.15,79.1
464,1123,12,2,268.99,55.4
465,1925,130,4,864.3,43.8
466,1420,92,3,188.73,63.7
467,125,72,1,978.1,23.6
468,168,147,5,324.13,46.0
469,1786,147,2,899.05,86.8
470,306,90,5,665.69,9.2
471,568,51,5,912.1,57.7
472,170,128,2,97.46,96.7
473,100,30,2,211.21,11.8
474,1435,36,4,58.24,60.6
475,183,104,1,108.98,91.3
476,1265,88,1,663.41,92.6
477,1910,55,2,41.84,57.2
478,691,46,2,458.07,87.7
479,1591,73,5,180.26,9.0
480,1144,36,4,922.32,86.0
481,669,74,2,378.7,1.7
482,397,90,3,722.97,84.0
483,1520,55,1,717.09,56.9
484,1596,5,5,777.48,22.9
485,291,92,3,551.95,54.0
486,1562,7,2,263.06,7.5
487,320,124,1,930.53,42.2
488,332,127,4,281.54,16.6
489,908,6,1,415.28,13.0
490,1088,67,1,953.15,15.9
491,1294,74,1,37.22,5.9
492,744,145,4,914.64,64.0
493,1829,95,3,445.6,67.7
494,762,45,3,946.04,25.1
495,281,1,3,115.01,55.5
496,1633,54,5,31.51,91.1
497,1135,103,2,279.79,94.3
498,868,4,5,519.27,81.2
499,918,8,1,869.09,10.8
500,125,131,4,47.24,45.3
501,947,13,2,813.93,28.8
502,1954,52,3,802.02,17.5
503,51,47,1,352.19,85.9
504,916,65,4,498.69,20.5
505,684,52,2,608.93,15.7
506,1923,112,4,890.19,43.7
507,724,62,5,831.54,69.9
508,66,104,1,417.73,10.0
509,1284,18,-5,796.13,5.1
510,1366,65,4,42.16,74.9
511,484,142,5,72.6,71.5
512,1758,81,3,253.04,99.7
513,1607,129,2,42.71,59.0
514,1225,102,4,784.41,52.9
515,459,113,1,686.73,81.4
516,1140,98,3,955.67,14.8
517,1951,147,1,269.84,23.3
518,661,132,4,671.38,59.5
519,1868,115,1,807.98,6.7
520,541,36,2,31.18,46.7
521,1679,28,5,93.58,5.5
522,1363,67,1,99.6,93.1
523,1933,147,1,515.39,50.4
524,1198,29,4,88.08,44.4
525,1713,75,5,928.16,50.8
526,1744,103,1,894.69,30.4
527,1553,92,1,524.34,73.7
528,902,3,5,541.4,6.2
529,1107,82,1,475.91,9.4
530,1725,22,2,303.06,40.3
531,1369,131,1,891.53,67.4
532,1621,109,2,561.89,50.5
533,1541,123,4,666.26,5.0
534,727,67,2,905.2,8.8
535,231,127,3,900.09,64.2
536,582,86,5,724.25,35.4
537,943,102,5,185.82,64.0
538,1897,73,4,835.91,37.6
539,1476,110,3,30.49,45.3
540,133,144,-4,341.33,38.6
541,1912,63,3,826.39,40.7
542,257,147,1,960.35,77.9
543,820,59,5,616.01,88.0
544,530,135,4,447.95,57.6
545,1277,19,1,218.38,83.0
546,1550,42,2,998.59,87.3
547,222,105,2,894.97,34.2
548,90,131,3,98.92,33.2
549,45,72,2,751.72,49.6
550,1263,9,1,873.68,69.7
551,1614,17,5,472.7,74.0
552,1908,33,1,701.69,59.5
553,1120,1,1,866.97,46.2
554,199,70,3,416.63,84.8
555,464,101,3,628.46,94.7
556,1263,64,5,700.39,58.2
557,1126,130,4,384.26,31.2
558,185,67,3,979.0,80.4
559,255,47,5,63.3,68.7
560,740,98,2,889.71,4.4
561,972,16,1,230.93,59.6
562,1138,81,4,252.31,97.6
563,205,84,5,375.53,5.6
564,101,147,1,304.63,13.6
565,1189,76,3,920.91,99.9
566,562,111,5,500.02,5.0
567,537,80,-2,318.17,86.5
568,908,8,3,573.35,78.3
569,654,130,2,806.24,2.9
570,1756,104,3,876.51,78.3
571,378,75,4,58.92,39.6
572,1246,14,3,14.11,93.2
573,1753,39,2,297.64,96.3
574,877,122,4,314.06,13.4
575,138,21,-4,180.99,70.9
576,763,65,5,535.74,51.7
577,123,138,1,19.94,47.5
578,812,144,4,132.21,87.5
579,1220,4,3,931.33,27.3
580,1472,43,4,640.4,42.5
581,228,136,2,254.97,73.5
582,701,99,2,867.07,53.2
583,718,68,2,948.25,17.5
584,1376,60,5,505.95,87.9
585,1541,110,3,258.19,65.3
586,957,51,3,846.28,7.7
587,397,115,2,289.04,53.7
588,1498,22,4,453.5,90.1
589,423,43,2,491.84,3.1
590,1137,44,5,820.55,89.8
591,26,18,5,608.71,38.7
592,86,50,3,38.03,60.9
593,471,129,3,830.59,26.7
594,678,4,2,40.59,92.1
595,1300,102,1,443.34,50.5
596,138,45,4,282.46,25.4
597,737,14,3,826.72,21.0
598,741,56,1,453.08,78.4
599,1315,32,3,151.35,45.6
600,1354,99,3,804.89,56.8
601,1201,40,5,885.38,76.4
602,627,35,3,838.32,10.5
603,1395,60,2,41.25,9.0
604,1226,98,5,711.92,17.5
605,418,116,5,166.92,23.5
606,212,141,2,502.47,39.2
607,1933,45,5,519.5,51.5
608,1184,43,5,149.98,4.5
609,380,1,2,21.2,69.2
610,889,8,4,510.38,63.1
611,1144,32,4,16.15,8.4
612,764,74,4,66.4,72.5
613,593,22,3,591.68,75.5
614,566,141,4,643.31,19.5
615,1775,26,5,39.69,19.9
616,35,104,4,916.42,0.4
617,572,98,3,440.35,7.5
618,1412,100,1,424.97,9.2
619,1326,77,4,868.17,70.9
620,1827,1,2,808.72,54.2
621,1258,121,5,46.75,61.5
622,1151,141,2,206.29,55.4
623,1487,104,5,163.51,60.7
624,1082,143,2,557.64,89.8
625,968,125,5,782.68,7.3
626,1645,93,5,456.27,7.8
627,773,61,1,130.87,94.3
628,1805,134,3,579.43,83.1
629,31,142,3,855.51,76.1
630,1171,19,3,785.05,36.1
631,1990,117,1,294.33,9.0
632,1000,48,3,785.14,9.7
633,1710,24,5,610.51,59.2
634,893,37,3,605.14,47.8
635,153,68,4,722.4,36.6
636,216,76,5,375.98,83.3
637,892,148,5,145.83,84.5
638,1701,5,1,938.41,5.0
639,450,14,3,462.06,21.1
640,1736,129,4,167.14,56.0
641,1477,23,-3,488.05,65.2
642,1059,68,2,718.49,24.0
643,860,139,1,924.58,79.5
644,987,90,1,943.26,64.1
645,121,96,1,974.85,61.0
646,1815,23,1,318.41,42.7
647,90,113,3,57.97,57.0
648,68,111,4,595.68,68.0
649,2008,23,3,877.87,57.4
650,1457,59,3,811.67,14.1
651,960,147,4,217.27,85.7
652,1219,121,3,767.16,41.3
653,1965,132,5,926.07,97.7
654,637,19,5,40.34,33.2
655,1587,104,5,225.67,18.3
656,608,93,2,440.66,52.4
657,496,39,3,423.57,6.0
658,1118,110,4,450.57,58.8
659,1470,139,3,505.86,54.7
660,652,77,2,408.86,13.8
661,685,114,1,927.38,70.5
662,920,21,5,367.4,39.7
663,375,139,1,937.23,90.2
664,88,80,4,731.97,66.6
665,1822,22,2,996.8,46.3
666,795,5,1,146.61,80.5
667,912,46,4,172.35,2.4
668,760,69,2,700.14,8.3
669,2,47,1,440.55,31.4
670,1159,16,3,15.52,86.0
671,1433,29,1,340.57,86.3
672,1857,67,3,442.95,89.1
673,898,127,3,104.39,44.3
674,265,13,4,931.1,70.8
675,750,17,1,52.9,98.3
676,1388,78,5,774.0,1.2
677,1186,90,-1,130.43,3.1
678,94,73,5,69.09,54.3
679,1864,87,1,881.1,61.7
680,1118,63,3,909.76,68.6
681,94,9,3,64.03,96.4
682,1183,102,1,573.34,94.3
683,1122,100,1,718.54,47.8
684,1425,129,2,270.72,68.0
685,1959,146,2,849.04,30.7
686,768,101,-2,493.32,37.7
687,322,56,3,164.88,34.8
688,1011,81,2,258.83,89.9
689,217,48,4,584.2,62.8
690,1173,57,2,311.18,85.6
691,1510,108,1,839.74,4.6
692,1305,106,5,512.88,24.3
693,1850,101,1,446.85,79.5
694,14,86,3,957.9,92.4
695,1545,140,5,453.89,85.7
696,180,109,2,315.13,39.5
697,1727,46,2,798.35,88.5
698,758,20,3,259.56,98.3
699,1424,114,5,118.96,80.1
700,463,49,-5,434.29,95.7
701,1629,44,5,72.19,90.7
702,255,126,5,724.18,68.6
703,889,129,1,439.35,53.6
704,1128,81,1,571.13,46.4
705,343,133,1,49.23,5.0
706,696,56,2,71.83,97.9
707,317,123,5,899.72,80.4
708,1970,25,3,995.45,13.8
709,977,46,-2,553.44,61.5
710,1281,40,2,63.86,8.9
711,571,135,2,749.03,6.6
712,1960,51,3,702.6,67.3
713,1505,54,1,978.78,27.7
714,306,34,2,718.35,49.8
715,261,50,1,46.22,77.7
716,192,13,4,410.12,39.6
717,2001,60,3,935.23,44.0
718,815,138,5,228.12,76.8
719,1335,23,2,418.63,88.3
720,1521,97,1,865.86,4.1
721,1193,8,5,267.35,84.2
722,1682,100,3,394.92,15.1
723,1779,108,2,489.41,50.1
724,1142,107,3,842.23,90.7
725,1543,101,1,930.21,8.4
726,807,78,3,583.31,77.9
727,616,111,1,394.56,19.6
728,1578,146,2,419.75,0.9
729,772,34,2,847.28,38.5
730,1709,38,1,259.45,78.6
731,1884,143,3,696.95,26.7
732,1391,11,5,536.13,49.3
733,1947,105,5,151.78,24.0
734,1681,147,1,684.28,26.4
735,694,73,2,947.5,97.4
736,749,61,1,228.79,26.1
737,1670,62,1,82.16,70.6
738,1370,8,5,376.99,71.9
739,957,145,4,676.76,49.9
740,823,69,5,723.14,94.3
741,688,62,2,439.4,56.4
742,555,129,4,385.4,80.7
743,1856,46,3,346.54,37.0
744,1861,79,1,510.51,81.5
745,818,96,5,577.84,39.7
746,373,62,1,18.48,87.0
747,491,31,3,269.37,38.5
748,586,68,1,652.41,58.4
749,1838,30,2,304.49,31.7
750,1472,106,1,223.91,77.0
751,1969,32,-1,498.2,53.1
752,343,21,2,371.52,54.9
753,1910,41,5,213.07,81.6
754,1514,130,2,798.52,26.0
755,1333,128,4,198.03,96.5
756,1913,106,1,797.65,87.5
757,456,34,4,579.42,40.0
758,386,29,2,282.26,6.2
759,1895,113,3,932.77,6.3
760,753,12,3,41.18,92.1
761,1398,17,2,312.64,32.0
762,1937,7,2,606.19,22.7
763,1622,56,1,764.25,52.9
764,178,9,4,202.47,19.8
765,719,101,2,180.13,72.1
766,382,125,5,785.17,34.4
767,1980,55,5,910.0,14.8
768,1420,49,4,894.15,60.3
769,589,57,3,782.95,22.6
770,875,9,1,472.19,9.2
771,2000,48,4,392.14,49.8
772,1566,52,5,384.23,9.9
773,320,142,4,226.15,96.3
774,1295,127,2,667.89,84.2
775,1449,67,3,780.45,47.8
776,1544,54,3,979.78,96.4
777,313,131,2,21.8,10.6
778,520,145,2,158.51,81.6
779,1293,91,2,408.0,37.7
780,1266,13,3,900.72,24.2
781,1619,63,4,71.34,64.8
782,557,126,4,279.4,82.8
783,1371,144,3,950.03,77.2
784,664,19,-2,223.65,38.5
785,118,103,5,233.09,82.8
786,749,71,4,791.8,4.5
787,1165,18,1,371.45,42.8
788,148,88,1,333.3,27.2
789,1374,97,1,594.46,21.2
790,1121,48,4,64.9,80.3
791,38,41,3,668.33,7.1
792,1017,23,1,153.92,7.3
793,499,104,4,465.44,56.7
794,75,122,5,219.54,16.5
795,991,48,2,136.19,65.2
796,58,148,4,964.02,53.5
797,1116,54,4,941.0,68.5
798,1431,24,3,631.82,38.2
799,64,149,5,638.75,18.2
800,94,18,2,355.21,2.4
801,1654,73,4,565.23,45.6
802,983,1,1,144.58,96.8
803,628,112,3,498.93,29.8
804,922,23,3,422.69,20.1
805,874,85,1,37.86,40.7
806,1432,10,2,590.92,38.6
807,874,119,5,444.17,11.0
808,1332,98,3,226.63,20.6
809,1216,46,4,371.17,11.0
810,948,110,4,303.21,98.7
811,1258,144,3,841.29,76.3
812,715,112,3,251.77,97.2
813,1792,79,3,710.49,78.6
814,626,146,5,928.36,58.9
815,497,116,3,288.66,57.5
816,840,144,-3,175.48,22.5
817,1026,123,4,724.93,21.9
818,1675,134,5,584.72,93.4
819,323,147,1,448.32,6.1
820,1763,123,4,330.19,89.9
821,395,106,3,373.69,47.3
822,1760,3,2,47.7,27.8
823,624,38,4,724.92,22.3
824,57,92,2,111.1,77.9
825,1770,101,4,865.0,52.9
826,390,121,3,964.02,55.5
827,1652,56,1,944.66,26.1
828,612,84,2,399.57,22.1
829,1914,13,5,885.59,29.7
830,1698,35,4,38.32,24.9
831,600,54,2,657.74,1.9
832,924,102,5,782.52,54.0
833,1131,37,3,571.24,28.1
834,1965,23,1,648.4,97.2
835,586,49,1,993.58,30.2
836,120,94,2,947.51,16.3
837,1249,87,3,185.27,75.2
838,1544,35,2,522.71,15.3
839,20,85,-2,404.27,99.2
840,1798,57,1,201.28,40.8
841,1504,110,1,784.4,36.5
842,897,123,4,611.62,34.7
843,511,95,1,214.56,7.8
844,1865,143,2,770.73,81.6
845,60,34,2,51.43,54.0
846,1939,5,5,95.41,71.8
847,1356,96,2,63.2,81.4
848,1877,140,3,465.26,77.6
849,1879,127,4,324.51,26.0
850,1612,47,5,926.03,5.0
851,1110,113,2,158.32,67.8
852,696,17,5,183.98,31.7
853,1958,88,5,388.35,75.8
854,522,38,5,947.42,48.5
855,925,20,5,795.46,10.0
856,97,132,1,46.75,69.7
857,1133,13,4,671.26,89.1
858,931,125,1,294.89,3.6
859,462,27,5,589.82,61.9
860,727,29,2,496.52,17.3
861,1009,64,4,224.21,45.4
862,739,29,3,378.8,37.7
863,1661,98,3,850.75,19.2
864,1508,51,1,206.34,29.0
865,1797,133,1,501.6,59.9
866,25,43,3,15.27,37.4
867,1569,19,5,614.02,87.5
868,1397,47,4,400.27,63.5
869,1941,107,5,237.01,18.5
870,972,41,3,912.49,56.7
871,165,22,4,146.05,60.5
872,756,41,5,155.15,28.6
873,1893,39,4,593.46,31.6
874,1192,63,4,465.96,72.0
875,837,76,2,665.76,95.4
876,773,67,1,625.38,2.7
877,696,28,1,226.92,53.8
878,90,58,3,705.85,15.7
879,172,25,2,950.01,17.3
880,1535,29,3,712.67,53.8
881,1113,103,4,301.46,0.8
882,225,143,5,539.55,38.9
883,1537,1,2,47.37,38.8
884,1030,135,4,483.04,83.2
885,1590,73,4,946.0,39.9
886,1527,34,1,221.62,65.9
887,289,46,4,79.73,18.3
888,131,65,1,534.24,79.6
889,1501,146,4,773.62,70.0
890,965,105,5,590.19,59.4
891,1179,42,5,516.12,19.9
892,41,111,1,425.14,2.1
893,345,90,1,936.56,74.8
894,397,25,5,8.83,63.2
895,368,136,3,899.65,55.0
896,2006,107,5,843.24,61.6
897,1157,116,5,401.12,69.8
898,937,59,4,181.42,55.6
899,1807,99,5,674.81,88.3
900,1669,22,4,508.13,63.5
901,1974,104,5,181.15,45.5
902,1131,28,3,5.82,7.4
903,1036,58,2,718.31,15.2
904,1740,58,5,352.58,18.7
905,1492,84,1,709.71,76.4
906,41,124,4,495.54,9.5
907,1548,43,3,11.24,89.9
908,206,20,3,623.06,46.7
909,840,129,1,696.32,35.2
910,1187,139,5,694.32,35.0
911,1505,39,1,702.99,37.7
912,1684,44,4,613.58,35.4
913,284,79,3,618.66,59.3
914,333,70,3,672.81,62.8
915,911,149,3,862.34,2.2
916,974,106,2,425.94,98.8
917,1566,102,4,487.01,56.2
918,1220,128,4,258.64,35.2
919,1170,20,3,953.84,19.4
920,1033,119,3,246.32,83.9
921,1291,149,3,538.75,53.3
922,600,68,5,293.57,1.0
923,1358,3,5,330.03,17.1
924,65,118,2,43.89,40.0
925,1847,140,-1,183.25,53.5
926,1066,1,1,558.5,54.0
927,1792,79,1,668.42,54.1
928,1219,28,4,555.57,41.6
929,30,115,2,789.36,91.5
930,436,100,1,760.97,40.3
931,1781,53,5,22.2,96.8
932,600,145,1,195.62,43.8
933,1730,146,3,56.53,76.1
934,1869,136,1,474.74,41.4
935,72,53,1,430.59,88.9
936,473,78,3,949.95,25.2
937,1922,71,1,666.94,95.5
938,1903,96,4,169.01,94.0
939,1613,89,2,613.23,43.6
940,646,48,4,939.25,18.1
941,680,76,2,442.38,2.9
942,984,74,4,686.31,32.6
943,1231,25,4,848.86,81.8
944,641,21,1,969.6,28.7
945,447,15,1,8.31,24.9
946,379,18,1,929.65,77.9
947,1595,119,2,497.18,42.6
948,1316,89,5,557.91,71.2
949,666,79,2,174.46,84.2
950,1760,30,3,977.61,32.8
951,173,87,4,916.66,52.9
952,744,67,3,451.0,30.7
953,1567,92,3,773.52,29.8
954,1499,119,3,123.49,58.1
955,1170,75,4,848.17,60.3
956,474,8,4,226.13,12.5
957,171,62,1,826.37,52.1
958,374,132,4,477.06,53.5
959,1872,45,5,482.52,47.5
960,1695,81,5,685.85,31.3
961,1417,55,3,926.95,72.9
962,1651,132,5,566.7,10.7
963,980,98,2,499.08,73.5
964,776,102,2,590.91,6.5
965,430,148,4,260.67,37.6
966,537,148,3,587.91,2.9
967,99,88,5,482.29,57.7
968,480,22,3,542.6,41.0
969,1853,76,3,392.91,73.6
970,1059,118,3,584.92,43.8
971,1796,126,3,331.95,71.0
972,1065,29,2,843.37,5.1
973,904,138,5,611.16,89.7
974,1718,77,1,531.17,18.8
975,1762,119,4,19.32,32.8
976,613,26,3,790.96,79.5
977,1017,101,2,982.13,10.5
978,446,129,1,345.01,43.4
979,1588,126,1,835.12,8.0
980,690,6,-5,739.2,61.7
981,1979,43,5,834.23,44.5
982,759,109,3,924.99,58.5
983,1617,81,3,745.79,53.8
984,1479,4,4,769.96,66.9
985,1379,32,-4,126.25,24.1
986,22,137,2,130.02,57.4
987,276,63,3,724.89,4.2
988,1088,26,3,856.31,71.7
989,672,77,1,216.12,46.1
990,1856,136,3,498.71,37.9
991,1874,90,4,512.11,60.0
992,429,16,3,705.79,62.7
993,1998,75,4,453.11,24.6
994,1763,62,4,586.86,56.8
995,1618,75,1,249.87,95.7
996,1352,62,2,474.18,18.2
997,325,97,5,412.81,34.3
998,363,66,5,260.14,81.7
999,157,119,1,959.11,32.3
1000,686,77,5,412.55,26.6
1001,1973,144,1,549.13,13.5
1002,17,108,3,212.49,13.4
1003,1787,67,1,678.05,45.3
1004,1186,55,2,926.93,57.5
1005,92,67,4,696.7,86.1
1006,1243,45,1,508.13,76.4
1007,1257,70,5,871.81,75.4
1008,1753,85,2,539.95,89.3
1009,1006,51,1,26.17,96.8
1010,1966,28,5,758.77,83.9
1011,1589,54,1,592.69,76.0
1012,1039,121,4,445.97,74.7
1013,456,73,2,762.18,45.0
1014,194,4,2,624.58,11.3
1015,396,108,5,969.48,18.6
1016,273,43,3,970.04,92.4
1017,1736,60,2,894.97,61.1
1018,730,2,4,272.19,27.9
1019,1449,70,4,104.21,21.5
1020,1600,20,2,64.2,48.3
1021,203,71,2,546.27,46.6
1022,1507,100,5,983.05,86.6
1023,420,21,2,991.9,84.2
1024,380,55,-3,176.53,10.0
1025,1274,79,1,385.66,43.2
1026,441,39,1,548.42,44.9
1027,115,9,2,596.58,77.9
1028,1830,18,4,573.39,19.7
1029,1195,120,-1,478.42,31.3
1030,1014,145,2,965.87,2.6
1031,1261,9,4,656.08,17.2
1032,419,145,5,46.05,50.9
1033,1342,48,4,124.35,80.4
1034,1783,29,3,998.8,11.1
1035,1655,2,1,457.51,30.6
1036,297,76,2,857.54,93.1
1037,739,102,2,20.32,34.2
1038,1204,37,3,954.58,91.4
1039,35,115,5,798.85,47.4
1040,1264,47,1,423.56,62.6
1041,461,21,2,653.29,60.3
1042,1142,35,1,274.0,34.5
1043,1197,98,5,41.87,10.6
1044,227,138,3,583.53,84.2
1045,881,74,5,733.84,80.2
1046,523,132,4,676.09,12.7
1047,121,69,1,315.4,25.9
1048,473,143,4,976.54,97.7
1049,67,146,4,134.98,43.7
1050,827,136,5,933.62,76.9
1051,413,33,4,834.44,78.5
1052,571,112,5,274.07,94.5
1053,324,136,1,413.17,27.4
1054,1464,43,1,203.31,72.7
1055,1521,92,2,903.15,0.1
1056,447,5,1,550.8,37.7
1057,1524,29,4,614.13,0.3
1058,1574,32,5,255.86,40.6
1059,2010,39,1,821.3,13.9
1060,1913,149,4,674.89,94.5
1061,942,3,5,544.07,73.3
1062,1726,141,1,428.13,100.0
1063,84,132,-1,280.94,21.9
1064,1824,63,1,953.33,8.2
1065,1808,143,1,647.53,69.4
1066,290,80,5,154.33,1.8
1067,1649,53,1,327.32,23.9
1068,62,148,4,609.17,25.0
1069,1442,111,3,444.41,71.6
1070,1128,5,2,811.06,70.6
1071,188,36,5,654.36,51.3
1072,1571,39,3,961.17,39.1
1073,710,128,5,265.77,32.5
1074,466,50,3,414.53,16.0
1075,706,76,-4,91.75,62.0
1076,1147,85,2,111.65,11.6
1077,143,84,2,349.22,1.8
1078,1828,9,4,65.53,60.2
1079,542,14,4,89.83,56.2
1080,939,45,-1,204.5,90.4
1081,1895,23,4,129.47,65.5
1082,1091,110,-3,438.05,32.5
1083,1581,12,3,970.79,30.5
1084,296,57,4,852.87,30.0
1085,52,86,1,240.41,36.6
1086,1636,80,2,494.36,14.9
1087,1144,105,4,537.08,16.3
1088,208,47,2,397.27,98.7
1089,1736,100,4,935.27,93.2
1090,1952,71,2,983.65,95.6
1091,906,114,4,513.08,84.4
1092,601,21,4,664.08,57.8
1093,741,28,1,807.25,30.3
1094,618,81,2,864.77,81.2
1095,630,97,4,549.95,94.7
1096,689,92,4,167.81,25.7
1097,36,71,4,802.02,64.3
1098,254,127,1,775.24,54.7
1099,301,110,4,237.33,22.5
1100,1616,129,3,807.26,72.4
1101,568,138,5,28.08,40.5
1102,1586,26,1,817.48,99.3
1103,330,72,3,86.85,72.6
1104,61,14,1,314.4,74.4
1105,9,26,2,714.96,64.2
1106,109,16,1,999.51,20.2
1107,1128,13,5,84.78,80.8
1108,28,122,2,814.22,24.1
1109,1017,120,1,763.12,55.5
1110,1535,100,1,884.69,15.6
1111,727,14,5,723.15,25.8
1112,584,85,4,868.0,92.1
1113,158,88,2,227.34,53.0
1114,47,143,4,530.84,86.7
1115,1526,120,1,600.75,5.6
1116,230,8,4,554.76,51.2
1117,963,52,2,678.46,87.9
1118,787,31,3,537.8,48.5
1119,83,144,4,863.97,90.0
1120,1635,141,3,369.5,35.2
1121,1026,66,-1,670.78,29.3
1122,277,48,2,166.46,82.4
1123,78,98,4,553.73,84.7
1124,1365,114,-4,683.83,35.7
1125,1414,94,1,698.5,94.0
1126,184,30,3,839.54,89.5
1127,796,3,-1,221.5,36.4
1128,1956,41,5,285.66,21.2
1129,231,57,5,580.0,28.9
1130,1031,3,1,304.92,10.7
1131,1658,81,1,858.86,4.7
1132,1867,94,1,764.83,71.4
1133,1431,63,3,234.93,86.8
1134,676,24,2,98.01,32.6
1135,1804,108,3,263.28,99.4
1136,1680,32,5,323.46,24.7
1137,1525,20,1,906.3,90.8
1138,202,96,2,766.25,49.8
1139,742,12,3,763.62,81.2
1140,466,76,-4,787.83,43.5
1141,758,119,3,471.22,3.7
1142,209,16,1,827.78,46.4
1143,1650,124,3,533.9,64.1
1144,1362,125,1,321.46,97.9
1145,1590,76,2,822.23,84.1
1146,665,99,4,54.56,56.3
1147,1579,104,4,981.36,89.4
1148,1058,115,3,419.54,25.1
1149,1337,37,4,480.84,6.8
1150,423,141,3,967.06,40.1
1151,284,56,3,893.65,43.1
1152,974,8,5,798.34,51.7
1153,806,46,5,62.25,33.5
1154,482,7,-3,688.87,94.4
1155,297,108,4,743.49,95.7
1156,1749,66,4,777.63,31.4
1157,1512,15,3,738.06,50.0
1158,1024,41,3,439.15,7.7
1159,57,135,2,263.37,84.5
1160,1762,34,4,458.16,20.6
1161,361,38,2,484.73,10.6
1162,952,126,3,428.8,12.1
1163,867,76,2,161.83,88.3
1164,592,104,3,579.24,23.3
1165,1926,149,1,12.82,58.5
1166,384,106,1,994.93,98.4
1167,29,69,1,188.46,39.8
1168,159,7,1,869.01,45.1
1169,1556,21,1,403.06,19.4
1170,81,9,3,294.75,19.8
1171,1711,72,4,379.85,22.4
1172,1656,72,4,783.61,43.3
1173,1138,145,1,37.35,39.8
1174,533,90,1,617.7,61.3
1175,666,57,1,739.47,22.5
1176,324,23,4,164.26,57.3
1177,456,77,3,975.07,56.3
1178,257,116,4,398.16,33.1
1179,1768,78,2,359.12,20.5
1180,1277,116,5,724.17,50.6
1181,618,127,1,993.75,75.4
1182,45,3,2,666.78,92.2
1183,1726,43,2,190.24,7.8
1184,1691,61,3,621.6,27.9
1185,1872,45,1,899.26,34.8
1186,423,43,-2,248.46,6.7
1187,767,16,3,117.95,88.5
1188,692,9,3,229.91,40.5
1189,1136,54,5,625.66,75.5
1190,1793,64,2,397.14,16.3
1191,15,145,-5,747.89,53.8
1192,251,69,2,753.9,9.0
1193,118,101,4,316.49,87.5
1194,275,63,1,967.15,40.1
1195,942,72,3,164.25,90.6
1196,1220,145,3,207.13,44.8
1197,1632,47,1,398.55,7.6
1198,987,103,3,132.47,42.4
1199,970,131,3,631.41,39.9
1200,1838,109,2,124.86,80.9
1201,10,137,5,902.87,31.5
1202,126,28,2,67.48,69.1
1203,727,70,1,213.83,77.2
1204,1311,13,1,519.84,44.2
1205,945,33,2,377.49,74.1
1206,315,61,1,709.66,25.4
1207,659,47,5,737.27,96.9
1208,1112,111,4,495.25,38.2
1209,1970,44,2,590.97,98.6
1210,196,15,3,170.1,46.7
1211,594,134,4,336.88,50.3
1212,1506,139,5,175.94,77.5
1213,1456,45,4,22.9,50.8
1214,257,93,5,308.62,21.7
1215,1792,21,3,786.81,39.2
1216,354,3,2,756.21,53.3
1217,1630,77,4,449.99,55.2
1218,1558,4,3,95.19,94.6
1219,504,146,3,575.53,59.4
1220,1241,114,4,44.56,41.0
1221,2006,93,1,433.16,18.5
1222,584,60,-1,616.45,5.0
1223,1178,52,2,541.05,17.8
1224,1713,57,4,385.41,0.6
1225,1977,37,1,464.1,65.9
1226,576,108,4,831.8,5.5
1227,1783,56,2,710.17,71.3
1228,31,119,5,177.6,27.1
1229,1692,58,4,674.93,20.6
1230,406,67,4,286.7,9.3
1231,282,100,2,352.22,90.0
1232,1875,119,2,472.52,89.5
1233,977,9,4,424.88,69.3
1234,1238,12,3,819.7,88.0
1235,970,26,3,514.04,44.1
1236,1712,145,4,192.84,30.0
1237,1807,57,2,448.07,26.7
1238,1575,69,4,348.62,78.1
1239,1027,115,4,572.42,99.7
1240,1791,95,3,746.63,37.9
1241,857,72,5,689.77,17.3
1242,1504,4,3,979.36,0.3
1243,1026,81,3,484.3,94.4
1244,801,5,3,836.05,3.3
1245,977,110,5,54.66,48.9
1246,841,117,1,507.66,90.7
1247,435,97,4,86.94,75.2
1248,1973,66,3,896.62,84.9
1249,1796,104,4,555.69,80.9
1250,138,23,3,521.87,81.6
1251,1170,39,1,455.55,92.5
1252,1727,133,-1,311.53,4.1
1253,1723,75,5,976.41,36.3
1254,878,10,1,231.75,24.8
1255,871,55,5,31.91,48.3
1256,433,121,1,702.34,88.8
1257,1911,47,2,423.53,88.8
1258,1177,5,3,772.24,45.2
1259,883,85,3,677.87,80.8
1260,965,53,2,308.16,81.3
1261,1421,129,5,757.16,98.7
1262,1729,83,3,848.92,84.4
1263,1170,31,2,696.0,5.9
1264,1149,20,4,547.34,40.1
1265,61,48,4,839.74,76.3
1266,334,4,5,477.19,94.4
1267,364,21,5,674.54,56.7
1268,328,40,4,421.59,32.3
1269,418,118,2,738.85,92.2
1270,1685,44,3,408.2,29.2
1271,1471,61,5,972.61,8.7
1272,1962,5,3,117.39,35.9
1273,858,98,-4,600.82,6.4
1274,1104,95,4,262.17,60.7
1275,557,132,2,743.79,27.8
1276,1663,20,1,468.58,53.9
1277,1029,97,1,954.08,27.1
1278,234,136,3,582.0,75.6
1279,107,65,1,883.07,58.1
1280,291,1,5,203.71,44.9
1281,975,40,1,415.2,29.8
1282,99,139,2,36.29,64.1
1283,1760,103,1,154.47,16.6
1284,1127,76,2,833.76,84.2
1285,1939,5,1,460.36,51.6
1286,1979,48,3,643.38,46.7
1287,155,109,4,937.37,68.5
1288,1812,44,4,800.81,40.6
1289,1142,5,1,243.91,12.0
1290,1552,108,2,198.65,90.1
1291,552,98,2,632.06,18.4
1292,1069,21,4,182.75,73.6
1293,1356,96,2,218.87,59.7
1294,1923,118,2,367.41,0.9
1295,546,16,5,253.68,37.7
1296,2,76,2,246.07,31.8
1297,1826,91,3,226.19,76.4
1298,1544,113,1,790.82,77.9
1299,34,70,2,841.2,89.9
1300,244,146,3,454.51,49.8
1301,567,51,4,960.93,23.1
1302,826,136,4,410.71,58.5
1303,1191,125,3,967.95,85.5
1304,357,66,2,190.07,52.4
1305,1969,33,4,16.02,41.7
1306,930,46,5,193.2,34.5
1307,1209,40,5,590.05,73.7
1308,1504,83,5,752.74,73.5
1309,819,127,5,453.69,18.7
1310,889,64,1,258.53,17.3
1311,1776,64,3,100.17,20.0
1312,389,33,5,405.44,2.9
1313,594,120,3,930.3,14.7
1314,1530,79,1,742.49,66.1
1315,1784,145,3,75.36,30.1
1316,1058,39,5,901.63,84.4
1317,68,112,5,646.21,83.3
1318,328,3,2,332.86,97.0
1319,114,87,5,832.49,3.1
1320,874,27,4,624.27,26.1
1321,821,146,2,940.46,82.7
1322,1993,95,1,405.29,13.2
1323,2008,1,3,451.33,40.8
1324,1078,123,4,157.17,76.4
1325,1315,2,3,313.07,79.5
1326,528,82,1,229.41,7.3
1327,1353,104,5,101.45,5.2
1328,403,90,2,66.8,41.9
1329,1561,38,2,696.53,83.3
1330,1196,51,5,518.06,19.3
1331,389,76,3,852.53,31.1
1332,587,70,5,495.92,2.6
1333,1095,58,4,318.64,6.6
1334,11,20,4,778.51,60.8
1335,1290,143,1,854.07,97.5
1336,1424,43,2,864.56,59.3
1337,721,66,4,41.85,81.4
1338,726,89,-5,546.89,7.9
1339,196,116,3,264.27,71.8
1340,1371,30,3,922.22,4.7
1341,969,3,1,589.89,89.2
1342,1469,80,3,121.64,27.6
1343,1559,140,2,153.86,8.1
1344,1395,101,2,770.1,76.7
1345,82,140,2,556.91,68.4
1346,1991,137,1,542.78,15.2
1347,1246,98,3,286.07,43.7
1348,1776,88,2,722.23,13.2
1349,389,77,5,267.33,2.1
1350,1844,111,1,489.95,50.6
1351,1144,11,4,598.6,4.1
1352,241,24,5,543.15,72.3
1353,1814,21,3,96.42,68.1
1354,1661,25,4,338.61,27.6
1355,97,103,3,244.76,65.8
1356,1344,117,4,799.73,67.2
1357,38,121,3,679.73,47.6
1358,745,15,3,864.23,67.9
1359,282,17,2,292.83,74.6
1360,1173,148,3,275.94,87.6
1361,794,105,4,183.9,32.7
1362,770,4,1,142.18,38.4
1363,617,125,1,813.89,90.7
1364,1858,13,4,333.99,81.3
1365,86,112,4,830.09,37.1
1366,1088,110,1,269.65,0.8
1367,248,12,1,594.4,98.8
1368,1518,37,2,368.01,2.3
1369,324,118,2,758.19,56.8
1370,751,148,2,651.02,18.7
1371,102,111,5,47.78,86.3
1372,1879,83,4,261.5,27.3
1373,1950,74,2,748.43,96.3
1374,585,24,3,128.73,1.6
1375,1472,90,5,631.1,52.9
1376,1719,102,3,980.45,15.7
1377,1627,127,3,618.45,5.2
1378,779,105,1,107.04,42.0
1379,1110,3,4,299.85,86.4
1380,864,51,-4,356.55,99.4
1381,748,51,1,682.49,6.8
1382,1487,25,1,319.45,5.4
1383,1172,46,1,259.38,7.5
1384,669,68,3,61.33,37.5
1385,1527,82,3,695.92,98.8
1386,112,32,3,574.81,73.5
1387,1910,137,5,400.87,96.4
1388,1736,110,4,333.45,88.5
1389,399,127,3,267.52,67.1
1390,1121,120,1,53.93,18.6
1391,1528,23,4,544.35,24.4
1392,1316,42,1,30.41,36.0
1393,445,37,2,691.75,60.4
1394,1611,104,2,292.65,4.0
1395,1888,42,2,816.4,93.5
1396,943,48,4,262.0,43.9
1397,1274,137,2,868.13,65.2
1398,489,25,-2,255.11,99.2
1399,1264,45,2,518.68,29.3
1400,609,135,4,153.6,60.8
1401,990,22,3,331.61,26.9
1402,1837,114,4,326.99,56.8
1403,143,57,2,128.7,0.4
1404,1616,55,3,675.07,18.4
1405,1281,127,2,452.15,46.7
1406,155,130,4,701.34,3.4
1407,1902,8,3,925.89,44.3
1408,741,9,1,338.38,31.3
1409,1631,74,3,89.39,82.4
1410,1621,34,3,898.32,27.0
1411,1779,94,4,508.81,42.8
1412,761,111,5,831.25,1.4
1413,1448,131,4,664.05,35.7
1414,1659,68,4,946.13,72.9
1415,918,125,3,647.46,20.9
1416,446,147,5,680.99,74.9
1417,1451,20,3,261.4,91.4
1418,71,81,5,814.8,1.4
1419,1439,107,2,776.2,43.7
1420,270,66,2,893.72,10.1
1421,1472,137,5,806.55,7.5
1422,214,144,3,933.12,22.8
1423,1434,116,1,439.75,69.9
1424,335,136,2,704.68,30.4
1425,354,119,2,747.79,69.6
1426,1052,33,5,209.0,52.6
1427,990,140,1,972.67,29.0
1428,102,52,4,699.42,25.5
1429,821,148,3,601.46,97.2
1430,802,84,1,517.74,68.7
1431,1162,139,4,245.23,0.4
1432,1881,102,4,804.97,5.1
1433,1176,99,2,403.77,0.7
1434,730,130,3,409.32,27.8
1435,1899,83,5,331.14,75.9
1436,722,45,1,258.49,43.1
1437,108,87,4,523.41,80.9
1438,1753,15,2,360.63,41.5
1439,666,66,1,862.27,26.0
1440,1206,76,5,9.91,80.2
1441,413,137,5,998.12,1.7
1442,1714,11,3,731.54,45.3
1443,837,77,2,810.84,26.8
1444,1050,12,4,798.33,33.3
1445,1253,72,5,747.97,21.3
1446,25,17,5,824.55,47.6
1447,1730,35,5,841.5,33.7
1448,551,100,1,611.35,52.7
1449,1873,91,1,754.74,37.8
1450,613,4,5,575.17,49.8
1451,457,5,5,888.83,58.4
1452,1124,111,1,6.08,71.7
1453,302,24,1,357.01,53.0
1454,287,5,3,471.3,84.4
1455,466,113,1,666.66,47.1
1456,943,30,3,658.02,6.7
1457,1512,134,3,723.03,20.1
1458,1546,82,2,787.77,52.0
1459,1054,108,3,163.38,64.7
1460,1989,93,4,723.96,37.7
1461,574,124,2,296.07,51.6
1462,909,99,2,405.84,84.3
1463,1980,136,1,923.71,79.8
1464,1108,38,5,886.92,82.3
1465,1154,141,3,595.75,2.3
1466,313,37,2,223.96,47.4
1467,1030,39,-5,884.48,22.8
1468,1174,110,1,319.78,27.3
1469,1111,142,4,284.17,46.6
1470,662,114,3,423.62,31.4
1471,1075,140,1,543.08,68.5
1472,1534,17,2,355.98,6.5
1473,119,95,5,512.38,60.9
1474,800,141,2,214.05,26.4
1475,842,40,2,959.69,68.5
1476,310,28,2,184.5,93.6
1477,1235,86,1,739.54,54.7
1478,205,139,2,525.38,38.7
1479,1562,35,1,816.4,2.7
1480,15,10,4,873.71,4.7
1481,450,143,4,148.26,55.3
1482,459,131,3,664.44,85.0
1483,1245,63,4,715.28,4.4
1484,943,133,5,784.03,86.5
1485,392,115,3,18.2,48.7
1486,208,56,2,104.65,32.9
1487,1396,9,3,360.69,64.4
1488,1266,57,5,519.0,71.1
1489,92,131,3,539.71,10.5
1490,131,14,3,653.14,70.2
1491,1918,83,2,851.58,19.8
1492,910,101,1,820.04,77.6
1493,1524,113,1,878.95,45.0
1494,110,78,2,805.28,62.8
1495,1050,122,3,576.63,29.3
1496,475,110,4,954.01,81.4
1497,447,123,2,222.54,49.9
1498,1779,128,1,369.22,70.6
1499,1864,60,2,108.94,39.4
1500,1522,35,2,567.11,8.9
1501,1888,59,3,230.51,30.0
1502,1509,89,3,628.69,25.4
1503,887,120,-4,910.83,30.0
1504,1734,100,4,180.8,12.2
1505,1173,22,3,921.97,48.7
1506,1892,17,5,444.74,33.7
1507,1839,25,2,407.47,55.2
1508,1931,26,3,231.79,76.3
1509,1368,15,4,706.71,25.5
1510,1422,74,4,30.7,99.6
1511,1473,74,2,666.12,99.7
1512,1579,109,1,961.93,63.4
1513,1535,150,1,387.55,81.9
1514,1825,116,2,462.38,60.0
1515,851,20,4,6.49,99.7
1516,1875,9,2,138.76,84.9
1517,1393,140,2,44.42,90.0
1518,897,108,4,490.78,61.7
1519,972,84,4,153.97,30.4
1520,247,43,3,215.23,77.7
1521,938,93,3,437.11,30.7
1522,772,99,1,250.1,75.2
1523,137,92,5,736.39,64.3
1524,1298,41,3,641.16,48.6
1525,1743,77,3,609.82,2.6
1526,1984,46,5,744.24,33.5
1527,1479,70,2,780.59,92.5
1528,1126,47,4,535.78,53.6
1529,616,60,4,70.77,92.5
1530,1498,124,1,295.95,82.9
1531,191,118,1,528.35,46.7
1532,438,3,1,293.07,58.3
1533,903,109,4,99.28,19.4
1534,1648,16,3,104.41,69.7
1535,499,150,1,88.89,9.2
1536,469,106,4,174.98,10.4
1537,996,117,5,101.83,61.5
1538,1075,33,3,334.02,45.4
1539,1316,1,5,147.07,42.8
1540,406,19,2,375.43,26.3
1541,402,14,1,188.76,5.4
1542,885,86,3,910.4,1.9
1543,1702,25,2,100.36,78.8
1544,838,81,4,80.01,32.0
1545,291,103,1,427.29,25.0
1546,1064,35,2,281.49,3.2
1547,1780,46,5,51.96,37.8
1548,196,20,5,118.3,20.8
1549,429,50,2,231.69,17.4
1550,776,41,1,247.04,59.8
1551,1762,86,4,130.61,30.4
1552,612,110,3,794.09,17.3
1553,881,45,4,746.7,73.0
1554,731,117,2,638.47,47.4
1555,1682,147,2,552.4,62.5
1556,967,24,2,337.94,17.8
1557,1966,86,4,564.91,6.6
1558,1838,95,4,788.6,87.2
1559,1269,27,4,270.27,78.3
1560,511,95,4,163.46,87.8
1561,1944,101,3,437.13,31.8
1562,427,105,5,131.65,63.4
1563,1130,40,3,293.19,87.7
1564,796,39,4,301.32,33.9
1565,1313,108,4,951.15,74.5
1566,460,74,3,413.77,32.9
1567,505,26,-5,396.33,53.8
1568,964,140,5,788.39,7.7
1569,1763,129,2,87.89,39.4
1570,1344,23,2,34.08,2.3
1571,971,121,2,692.68,77.5
1572,1932,109,1,815.45,95.9
1573,40,99,5,733.26,57.4
1574,251,51,3,594.19,29.8
1575,813,72,2,839.14,74.9
1576,1297,76,2,347.75,40.5
1577,392,36,5,749.31,58.5
1578,1292,102,-3,821.56,26.2
1579,164,106,1,704.0,38.3
1580,943,116,1,989.63,2.6
1581,1128,57,2,602.08,3.3
1582,221,147,2,32.4,40.1
1583,1163,150,5,38.72,75.4
1584,475,56,3,478.86,66.6
1585,1346,71,2,535.81,10.0
1586,1154,68,5,93.17,6.2
1587,890,10,4,78.54,25.1
1588,213,73,-4,580.45,71.0
1589,171,80,1,657.88,92.3
1590,80,107,2,853.95,92.6
1591,1115,19,1,876.79,60.2
1592,296,52,1,261.53,89.5
1593,620,40,5,996.43,21.0
1594,872,145,1,984.45,9.6
1595,1901,140,5,385.25,8.0
1596,203,30,1,207.26,13.5
1597,1194,5,3,996.38,30.3
1598,1777,134,1,557.87,65.5
1599,245,118,2,851.83,29.9
1600,993,55,1,969.9,47.6
1601,1006,110,4,191.58,7.2
1602,1975,128,1,305.16,97.1
1603,777,74,1,173.47,64.1
1604,582,61,1,86.99,33.6
1605,842,48,5,391.59,40.7
1606,706,83,3,179.62,65.6
1607,1830,94,-1,286.58,72.1
1608,1450,71,4,522.99,91.5
1609,800,146,5,982.06,59.8
1610,63,88,3,435.52,34.8
1611,824,130,2,299.76,14.6
1612,919,100,1,407.19,76.0
1613,752,3,1,479.03,66.3
1614,1760,57,3,10.07,81.8
1615,1958,67,4,45.32,70.0
1616,1655,1,1,968.57,98.0
1617,1109,70,5,988.33,80.4
1618,278,121,5,410.61,19.2
1619,250,42,3,144.31,14.3
1620,359,4,5,538.37,47.1
1621,1078,77,2,36.79,27.3
1622,1539,30,5,232.03,89.0
1623,237,8,2,826.91,94.6
1624,653,43,4,767.31,53.1
1625,1691,112,1,292.82,64.0
1626,737,11,4,600.8,46.4
1627,262,19,-5,28.61,30.0
1628,1864,20,3,615.2,87.2
1629,1561,25,5,930.19,26.3
1630,840,33,4,552.85,17.5
1631,1381,58,5,27.46,22.2
1632,1870,7,5,675.32,22.7
1633,1584,25,1,225.81,66.1
1634,1472,62,4,822.91,40.2
1635,654,89,3,915.39,78.4
1636,627,72,1,190.64,89.5
1637,2007,146,5,639.44,68.9
1638,314,140,5,432.01,37.7
1639,796,62,3,237.36,75.6
1640,1831,82,1,148.18,41.4
1641,857,142,5,63.29,35.8
1642,1049,103,3,617.89,16.1
1643,815,118,3,775.0,49.9
1644,662,48,1,244.19,14.1
1645,436,9,3,277.54,45.4
1646,227,102,3,602.35,32.8
1647,940,150,3,928.53,38.4
1648,1154,72,-4,168.72,45.2
1649,1563,37,2,622.48,33.8
1650,735,22,2,325.55,53.8
1651,1076,72,4,25.15,82.8
1652,804,24,2,445.41,9.9
1653,322,34,5,31.31,8.7
1654,1900,92,2,686.07,59.0
1655,784,2,5,399.23,98.6
1656,1540,32,1,839.81,58.6
1657,619,92,5,12.55,15.1
1658,1376,148,5,243.16,24.4
1659,463,22,4,605.68,0.2
1660,377,111,5,103.95,14.6
1661,772,17,3,516.55,36.8
1662,634,149,1,997.51,81.2
1663,1,89,3,728.32,97.7
1664,480,120,1,468.15,78.2
1665,584,113,3,735.25,83.8
1666,1603,91,1,199.83,61.4
1667,1885,128,1,430.77,42.1
1668,120,121,3,649.86,76.0
1669,55,23,5,822.26,64.8
1670,113,16,4,160.1,24.6
1671,801,114,4,28.92,62.9
1672,876,35,2,155.41,68.4
1673,729,36,5,381.66,63.6
1674,1326,57,5,912.06,8.4
1675,312,6,5,44.84,93.9
1676,1701,63,3,571.95,53.8
1677,305,19,2,211.14,26.0
1678,1350,98,5,614.54,12.7
1679,1976,27,5,493.43,55.4
1680,1018,19,4,882.97,34.1
1681,1073,26,2,780.05,66.7
1682,795,110,3,395.95,18.4
1683,1625,95,2,68.3,14.4
1684,573,57,3,962.42,91.0
1685,1709,81,3,930.7,38.6
1686,842,131,3,297.04,42.6
1687,1668,95,5,831.31,2.2
1688,283,106,-3,580.7,97.1
1689,785,29,5,147.28,67.2
1690,1569,107,2,712.41,17.9
1691,1515,113,3,586.39,21.6
1692,552,148,2,114.7,43.7
1693,761,51,1,296.24,49.3
1694,1756,89,1,972.6,72.3
1695,1797,134,2,294.85,65.5
1696,417,136,2,138.28,29.3
1697,1723,50,2,447.48,73.1
1698,115,70,5,320.07,71.8
1699,820,51,-4,409.96,22.0
1700,1768,2,5,117.26,98.8
1701,1691,13,-2,891.88,72.0
1702,1031,65,3,774.37,87.0
1703,1542,116,2,677.32,38.1
1704,1044,139,2,607.23,49.9
1705,176,86,2,641.91,25.3
1706,1825,35,4,28.91,98.5
1707,574,14,5,118.16,18.8
1708,757,56,1,377.33,82.5
1709,1792,85,1,295.31,11.0
1710,1843,16,5,543.19,4.9
1711,1503,10,5,289.41,63.8
1712,126,90,3,408.64,89.4
1713,1408,49,2,524.83,65.5
1714,1323,118,2,323.12,50.6
1715,1279,104,1,518.74,31.8
1716,226,116,4,551.17,3.6
1717,1246,119,1,791.36,65.7
1718,1242,53,5,486.31,10.3
1719,750,109,5,981.05,51.7
1720,175,99,5,441.35,57.9
1721,414,17,2,479.11,4.2
1722,58,138,3,211.34,19.0
1723,1105,109,1,330.51,70.6
1724,506,64,3,580.61,59.3
1725,335,103,3,661.16,9.4
1726,1435,12,4,71.2,33.0
1727,1903,125,4,606.73,20.8
1728,1591,132,-2,344.27,15.8
1729,367,111,4,594.56,81.1
1730,649,16,1,168.78,12.6
1731,1933,62,3,9.4,54.4
1732,1928,145,1,924.24,12.5
1733,17,58,4,557.79,71.5
1734,991,30,4,125.27,76.0
1735,654,124,2,654.21,92.2
1736,1598,114,5,907.86,14.6
1737,290,76,3,676.76,48.9
1738,1975,124,1,849.52,69.2
1739,962,110,1,935.0,67.8
1740,973,112,1,353.12,39.9
1741,833,97,3,526.4,23.5
1742,545,94,-1,156.58,93.6
1743,1936,98,2,683.74,36.5
1744,1279,47,2,131.55,8.8
1745,530,4,2,461.36,36.2
1746,1376,30,2,337.9,78.9
1747,170,25,3,48.64,39.7
1748,311,130,-4,37.53,40.1
1749,1470,120,2,910.19,59.8
1750,1882,74,2,510.06,71.4
1751,1832,28,1,287.27,40.3
1752,1676,130,3,924.51,98.5
1753,581,6,2,877.21,9.2
1754,1014,105,2,426.17,14.6
1755,636,68,4,859.02,59.2
1756,1476,75,4,7.6,81.1
1757,1505,101,-2,665.75,8.6
1758,773,7,1,561.68,33.8
1759,294,103,4,954.59,20.3
1760,1321,82,2,899.11,84.5
1761,782,52,5,812.76,8.9
1762,1480,135,1,821.65,58.9
1763,909,1,5,810.49,31.0
1764,1981,60,1,339.24,95.2
1765,1114,13,5,623.53,23.0
1766,1447,107,2,427.57,24.2
1767,349,7,5,514.29,81.1
1768,281,90,4,853.78,86.5
1769,1598,66,4,770.26,84.7
1770,1867,23,2,41.15,34.9
1771,435,111,-2,499.71,20.3
1772,1032,25,3,559.91,98.7
1773,287,122,4,998.7,73.3
1774,59,125,1,430.01,69.0
1775,1015,33,4,659.91,54.3
1776,838,135,2,906.52,66.7
1777,1493,42,4,462.59,40.2
1778,377,114,4,517.15,69.1
1779,1433,102,2,90.2,39.5
1780,347,138,2,967.62,0.1
1781,1196,145,2,537.78,13.6
1782,977,112,4,326.1,60.3
1783,607,49,1,912.57,36.9
1784,51,19,-3,918.86,94.1
1785,1584,100,4,333.01,55.1
1786,144,91,2,868.07,35.1
1787,1092,30,4,842.31,30.8
1788,115,2,3,719.81,18.4
1789,1442,115,2,563.37,88.9
1790,949,5,1,775.07,59.0
1791,209,4,2,68.49,50.7
1792,74,147,4,755.46,2.3
1793,1231,47,3,166.24,85.1
1794,432,5,1,387.52,88.6
1795,1951,6,4,940.72,81.2
1796,1853,109,4,143.2,70.2
1797,745,74,2,994.17,69.7
1798,1811,71,1,308.55,94.6
1799,753,127,4,259.43,72.0
1800,1010,78,2,256.89,37.3
1801,1484,110,1,896.84,97.5
1802,858,132,3,202.63,74.8
1803,407,59,3,663.04,92.7
1804,1935,107,4,832.96,21.6
1805,1700,62,3,158.49,86.1
1806,969,2,3,924.69,90.1
1807,326,144,4,222.35,82.9
1808,500,87,4,867.19,3.2
1809,1483,16,3,364.37,72.1
1810,1090,43,3,734.15,0.8
1811,575,51,2,569.31,69.7
1812,1874,81,4,273.29,78.8
1813,1288,8,1,68.12,13.8
1814,720,34,1,690.68,63.6
1815,704,144,1,98.74,21.0
1816,133,68,2,772.92,68.7
1817,1689,85,2,192.15,79.7
1818,206,91,1,578.22,27.5
1819,822,118,3,818.03,14.9
1820,1384,89,4,115.45,5.1
1821,458,90,5,351.82,34.2
1822,1295,21,4,586.68,32.4
1823,1364,92,3,316.1,68.4
1824,1431,107,1,140.03,18.6
1825,852,114,4,253.93,9.5
1826,1733,122,1,377.68,42.3
1827,1781,66,2,883.56,17.4
1828,1053,131,3,975.83,65.5
1829,29,16,5,426.78,23.4
1830,884,61,-2,923.33,59.8
1831,893,80,4,338.91,71.2
1832,1683,33,5,914.81,70.4
1833,467,56,1,284.0,22.9
1834,1884,10,5,312.03,34.4
1835,1347,15,3,149.52,60.8
1836,610,38,3,555.21,78.5
1837,505,93,3,768.27,44.2
1838,1242,85,5,296.34,2.4
1839,530,134,2,851.59,20.3
1840,893,22,5,887.17,68.6
1841,1361,31,5,679.81,10.7
1842,302,120,5,606.93,39.0
1843,696,55,1,857.95,50.9
1844,290,14,5,732.5,48.9
1845,319,141,2,249.95,56.7
1846,660,118,4,437.97,48.4
1847,736,116,2,489.89,44.2
1848,1742,21,5,376.29,19.6
1849,651,46,-1,10.85,77.6
1850,1653,127,5,557.18,3.4
1851,1926,15,3,174.25,31.6
1852,1560,13,4,275.84,60.5
1853,422,118,3,681.02,29.8
1854,1457,109,2,544.0,9.6
1855,499,115,5,176.66,4.8
1856,206,97,2,64.81,54.5
1857,6,141,1,173.21,79.6
1858,1579,20,5,882.08,67.2
1859,1483,3,4,241.37,56.5
1860,177,98,4,602.23,46.6
1861,1447,110,3,484.73,4.6
1862,266,26,1,781.64,96.7
1863,936,69,1,562.83,87.1
1864,1340,83,5,108.68,21.7
1865,761,150,1,754.71,62.2
1866,623,94,3,423.21,47.3
1867,705,30,3,602.04,45.4
1868,484,30,4,689.66,67.6
1869,1537,62,2,586.73,40.1
1870,823,113,4,546.18,94.0
1871,1013,51,2,546.75,85.2
1872,587,36,1,221.33,65.5
1873,1957,18,3,305.42,78.7
1874,361,56,4,5.84,95.1
1875,1650,25,4,685.78,17.4
1876,768,59,2,117.13,39.7
1877,864,107,2,265.62,2.7
1878,642,145,4,390.56,51.1
1879,45,144,2,780.51,23.1
1880,1109,59,2,404.56,22.7
1881,1568,47,3,748.09,14.5
1882,1942,43,5,485.14,5.8
1883,457,68,3,54.63,74.3
1884,1186,116,1,174.49,51.4
1885,255,23,5,538.79,44.6
1886,1938,123,4,337.99,44.8
1887,1619,148,5,479.68,28.5
1888,1279,42,5,930.21,13.5
1889,227,105,3,791.57,98.8
1890,1511,137,1,664.6,99.5
1891,20,55,4,633.68,68.5
1892,1448,63,3,99.24,40.8
1893,345,94,5,833.64,44.9
1894,1776,79,4,610.76,21.8
1895,1039,55,1,527.93,69.0
1896,1190,136,5,978.14,16.7
1897,1564,4,2,502.09,42.6
1898,387,57,2,803.46,69.1
1899,247,135,2,332.78,57.8
1900,93,15,3,246.46,67.3
1901,1536,86,3,506.0,34.2
1902,1982,141,2,759.71,12.4
1903,571,40,2,149.77,32.2
1904,701,70,1,74.39,60.0
1905,661,18,5,631.2,84.3
1906,1703,108,3,898.54,90.5
1907,1441,104,2,812.04,12.2
1908,478,92,5,261.92,82.5
1909,1137,25,3,317.38,21.8
1910,497,121,1,599.83,52.1
1911,1588,110,5,697.28,30.6
1912,1187,72,5,915.09,3.2
1913,1252,28,5,463.6,63.6
1914,674,131,1,69.05,87.7
1915,1274,110,4,455.56,47.8
1916,981,3,2,707.82,18.0
1917,352,70,2,98.59,61.7
1918,1720,16,2,414.74,91.2
1919,481,4,4,98.67,54.4
1920,635,76,3,761.98,55.3
1921,319,72,1,248.43,83.7
1922,1429,106,5,354.28,89.4
1923,1369,17,5,979.98,41.7
1924,1255,80,5,497.52,19.2
1925,1448,120,1,43.74,31.1
1926,615,15,3,511.03,82.5
1927,156,52,-1,321.71,32.0
1928,1535,45,5,40.06,95.7
1929,783,109,4,601.95,77.5
1930,479,24,2,570.84,9.3
1931,1685,50,5,610.79,1.6
1932,473,39,3,297.59,37.9
1933,1050,49,2,205.56,30.0
1934,1239,66,2,212.64,37.1
1935,1511,66,5,733.0,50.8
1936,742,64,3,728.82,17.7
1937,1935,88,2,25.72,26.9
1938,1706,89,1,167.27,75.9
1939,1851,96,5,610.73,87.9
1940,1728,110,1,807.64,60.5
1941,581,25,3,840.31,47.0
1942,530,141,4,525.42,0.5
1943,1635,35,5,552.73,95.0
1944,563,103,3,668.63,51.6
1945,922,149,5,261.92,1.6
1946,938,111,1,586.32,8.5
1947,902,56,1,799.43,26.1
1948,1467,101,4,483.03,35.8
1949,668,20,1,545.11,50.5
1950,1406,75,1,264.46,88.7
1951,419,95,3,612.64,64.0
1952,1060,72,-3,327.58,90.9
1953,1601,148,4,792.03,22.9
1954,94,68,2,901.73,79.5
1955,966,85,5,802.53,12.4
1956,1730,62,2,541.22,87.1
1957,877,78,2,516.59,79.0
1958,1558,74,2,575.11,75.9
1959,1146,51,1,326.46,35.1
1960,1721,21,-1,850.9,14.1
1961,773,54,5,6.53,29.4
1962,1761,126,3,462.37,52.4
1963,100,107,2,150.95,94.5
1964,442,73,3,215.23,59.5
1965,1600,63,5,236.47,53.7
1966,309,113,2,681.23,8.9
1967,1522,57,1,839.01,88.6
1968,1775,110,3,177.19,41.3
1969,502,81,4,698.14,50.9
1970,1136,127,5,268.64,49.6
1971,767,74,5,651.81,94.1
1972,1460,91,3,849.2,44.6
1973,520,62,1,478.82,46.6
1974,577,39,1,27.41,86.7
1975,727,114,1,353.98,29.8
1976,1545,54,4,64.1,58.8
1977,1318,72,1,739.78,79.6
1978,732,75,5,723.74,34.3
1979,1964,109,3,368.63,34.2
1980,411,111,2,983.93,63.1
1981,1375,10,1,263.93,2.9
1982,1510,63,1,815.86,58.5
1983,741,129,4,569.86,73.6
1984,165,82,1,504.87,74.9
1985,1903,20,3,315.4,30.6
1986,1891,105,1,513.57,66.9
1987,946,99,5,549.82,14.7
1988,1517,95,3,407.1,97.8
1989,35,18,5,279.85,16.4
1990,475,148,1,705.85,49.6
1991,1752,124,1,682.01,62.3
1992,1874,15,2,357.78,21.6
1993,796,125,4,310.99,86.8
1994,1210,129,1,342.89,26.1
1995,620,84,-2,607.68,28.2
1996,1838,58,2,784.18,48.1
1997,732,105,1,416.55,92.6
1998,982,24,3,969.53,91.9
1999,1381,91,-2,516.55,19.6
2000,1988,137,4,815.64,34.9
2001,1917,94,5,639.51,69.4
2002,1234,15,3,809.8,52.3
2003,1388,142,1,979.31,33.0
2004,1720,89,1,759.11,17.8
2005,1931,80,1,534.83,95.5
2006,1826,51,1,960.71,6.5
2007,789,45,2,315.2,15.7
2008,1795,62,3,978.18,84.7
2009,1507,132,1,317.82,47.2
2010,186,103,1,92.68,24.9
2011,1314,14,3,952.51,32.1
2012,121,116,3,443.75,8.8
2013,1831,105,1,363.76,54.9
2014,641,111,3,241.19,80.0
2015,1816,143,3,743.27,18.4
2016,290,69,4,344.54,5.5
2017,169,27,5,27.79,97.2
2018,1533,98,4,691.57,9.3
2019,1544,41,5,665.83,13.4
2020,829,129,5,925.43,15.2
2021,1661,103,4,174.65,78.2
2022,1165,8,4,531.43,63.1
2023,1638,3,1,348.54,23.0
2024,1299,34,3,553.51,45.6
2025,324,119,2,913.3,26.7
2026,1011,49,2,558.72,93.9
2027,717,48,1,901.46,81.1
2028,1049,38,1,913.96,94.8
2029,1651,142,4,33.54,79.1
2030,537,92,1,847.96,88.6
2031,1956,88,4,46.45,58.0
2032,171,150,5,507.53,43.6
2033,532,100,2,332.58,84.1
2034,276,126,2,533.19,92.7
2035,1803,61,4,78.7,38.9
2036,854,36,2,844.13,2.3
2037,201,3,2,922.49,48.2
2038,1363,21,4,754.9,61.5
2039,35,66,2,857.55,52.1
2040,1568,144,3,172.65,71.8
2041,151,32,5,263.32,80.9
2042,1961,113,3,132.51,23.9
2043,191,15,4,820.97,33.1
2044,1347,143,4,259.57,51.1
2045,1669,106,5,835.54,33.2
2046,306,95,5,775.43,93.9
2047,381,43,2,718.32,90.1
2048,227,63,5,376.65,4.2
2049,1054,77,3,683.1,83.2
2050,839,103,4,282.15,80.2
2051,1994,148,3,328.83,57.5
2052,163,52,2,85.76,47.8
2053,1401,41,3,924.15,70.0
2054,1101,23,4,967.13,6.4
2055,1989,41,5,431.4,32.3
2056,1533,127,1,427.28,33.5
2057,833,19,3,768.67,77.9
2058,1817,113,1,531.74,42.7
2059,17,53,1,354.21,50.4
2060,1711,50,1,837.94,8.6
2061,1179,40,4,176.69,28.1
2062,576,56,5,308.78,66.3
2063,782,146,4,630.29,76.6
2064,1422,130,1,970.97,27.5
2065,403,19,3,839.31,33.4
2066,1532,135,2,402.14,98.7
2067,1902,70,3,419.74,1.6
2068,316,112,4,487.13,26.7
2069,826,13,2,630.98,74.9
2070,1427,17,3,111.55,69.1
2071,1682,40,3,804.0,36.4
2072,176,56,3,559.3,86.1
2073,930,141,3,143.07,91.4
2074,854,95,3,400.68,64.1
2075,1533,144,-4,611.46,83.2
2076,1701,145,3,698.48,93.8
2077,133,95,4,73.18,57.3
2078,613,43,1,342.36,67.2
2079,565,134,5,760.54,76.0
2080,1320,122,3,275.75,44.5
2081,1598,10,3,484.0,36.2
2082,1255,54,3,640.45,30.6
2083,885,127,5,106.34,86.0
2084,358,150,2,269.3,61.2
2085,998,62,4,301.97,11.3
2086,1216,14,4,665.67,11.0
2087,1318,59,3,767.67,61.5
2088,1359,68,1,695.76,48.4
2089,1931,129,3,340.08,25.5
2090,554,101,4,536.3,87.6
2091,439,39,5,241.6,14.5
2092,764,150,3,786.83,83.7
2093,1225,93,3,928.33,9.8
2094,91,136,2,774.55,26.2
2095,1591,62,2,217.34,73.6
2096,1307,77,3,23.15,10.2
2097,1215,25,4,258.21,97.9
2098,1002,32,2,558.19,71.4
2099,86,128,5,939.14,37.3
2100,76,49,1,610.44,38.8
2101,943,8,3,660.76,3.9
2102,1536,118,1,574.91,64.6
2103,1002,46,5,944.44,31.3
2104,815,94,2,580.41,78.1
2105,1579,103,5,678.47,35.3
2106,878,95,4,879.8,79.6
2107,1218,15,4,457.18,13.3
2108,554,60,1,801.84,82.0
2109,1254,49,1,51.89,46.8
2110,338,59,4,435.05,85.1
2111,643,146,4,416.98,76.9
2112,1948,6,3,200.04,76.8
2113,1368,117,1,675.18,22.8
2114,1288,144,4,814.69,39.0
2115,357,107,3,241.1,72.9
2116,1938,18,3,145.78,50.7
2117,800,27,4,93.02,12.6
2118,402,43,2,325.66,15.9
2119,1891,140,1,569.77,97.8
2120,1659,101,5,976.86,75.9
2121,541,96,3,701.57,18.1
2122,650,20,3,113.83,9.8
2123,1091,98,3,921.76,18.8
2124,1408,53,3,554.85,64.8
2125,1414,110,5,515.43,78.0
2126,1839,21,3,263.87,67.1
2127,1938,134,1,247.61,24.3
2128,123,114,1,173.14,20.7
2129,401,102,1,920.53,46.9
2130,1500,108,-5,663.09,48.3
2131,1114,97,2,148.66,60.4
2132,2007,17,4,638.33,18.6
2133,302,135,1,846.33,39.5
2134,614,148,1,226.26,22.6
2135,332,85,4,796.87,25.7
2136,612,22,1,404.27,32.3
2137,1542,6,2,389.97,91.2
2138,1166,125,1,646.95,22.9
2139,1668,116,1,684.26,12.3
2140,1769,26,3,191.89,99.3
2141,802,119,4,280.89,11.8
2142,506,102,1,729.98,78.1
2143,352,36,4,178.36,42.3
2144,1550,131,1,458.22,79.3
2145,290,95,5,547.51,75.6
2146,394,2,5,411.21,44.9
2147,669,87,1,918.68,37.7
2148,1414,42,3,735.73,30.4
2149,1568,140,1,248.32,8.7
2150,1052,145,5,580.3,93.2
2151,1554,127,5,929.3,8.1
2152,55,106,2,502.82,90.8
2153,622,98,1,9.79,9.3
2154,1108,143,2,592.64,20.9
2155,1145,143,3,456.28,83.3
2156,1773,3,4,390.83,22.4
2157,1955,117,5,677.94,66.8
2158,164,12,4,231.51,17.7
2159,861,128,4,896.66,26.4
2160,239,72,1,897.42,85.9
2161,1436,56,4,844.48,54.1
2162,793,75,1,166.39,5.1
2163,1739,93,5,818.54,71.8
2164,978,27,4,111.97,48.4
2165,969,116,4,365.25,67.4
2166,700,145,4,791.3,15.2
2167,1181,87,2,272.02,98.9
2168,417,130,-5,261.53,68.5
2169,715,112,-4,382.06,59.0
2170,1889,133,4,136.56,41.0
2171,70,114,5,883.74,89.0
2172,768,53,4,571.66,89.3
2173,771,48,2,879.95,80.8
2174,143,113,1,760.49,98.8
2175,1135,48,5,662.39,3.2
2176,1846,42,2,235.67,68.4
2177,107,59,2,255.97,37.9
2178,1668,97,1,568.17,97.4
2179,1393,89,1,656.09,19.1
2180,1803,36,4,600.79,9.0
2181,497,13,4,37.84,38.3
2182,520,143,5,339.65,53.2
2183,698,149,2,633.59,76.5
2184,21,90,3,963.27,90.5
2185,14,114,3,413.15,99.3
2186,748,123,3,559.35,97.1
2187,1086,8,4,680.34,4.2
2188,1948,64,2,888.28,91.7
2189,1842,84,1,562.38,96.4
2190,1949,34,5,542.25,47.2
2191,992,133,2,499.58,82.6
2192,516,146,2,365.48,40.9
2193,232,148,4,395.34,30.0
2194,481,139,2,558.92,0.7
2195,2006,46,1,529.44,31.2
2196,308,41,1,731.97,65.6
2197,2008,70,3,71.49,27.5
2198,282,69,1,408.76,13.2
2199,1332,92,1,175.26,68.1
2200,518,14,3,233.66,72.1
2201,1095,139,3,932.34,80.5
2202,1174,127,3,146.05,23.8
2203,815,3,5,429.11,79.6
2204,688,40,4,232.97,40.1
2205,1519,26,5,622.86,46.0
2206,91,128,1,611.26,84.7
2207,271,90,1,78.25,13.1
2208,1152,91,2,130.7,22.7
2209,1158,69,4,577.47,85.1
2210,1200,27,3,346.95,96.5
2211,762,20,3,432.21,21.1
2212,909,43,1,973.73,90.4
2213,1701,29,4,994.94,96.3
2214,613,61,5,584.91,15.8
2215,1232,140,1,241.55,7.0
2216,1178,61,4,760.93,64.6
2217,945,67,4,300.58,63.5
2218,1810,119,3,521.3,16.5
2219,771,87,3,904.48,75.3
2220,457,12,5,835.74,61.3
2221,1563,137,2,649.04,64.1
2222,965,13,5,628.35,72.1
2223,20,91,5,485.51,47.8
2224,1801,36,2,130.26,26.2
2225,68,60,2,57.79,76.0
2226,550,86,1,152.57,24.2
2227,233,47,4,399.02,91.1
2228,1967,4,3,879.41,63.4
2229,258,56,5,979.0,61.1
2230,559,42,4,162.13,53.9
2231,1626,107,3,912.04,48.1
2232,1914,64,1,863.73,2.0
2233,884,120,2,729.95,23.6
2234,88,145,2,20.82,3.8
2235,114,117,4,409.55,86.5
2236,617,126,2,253.17,73.8
2237,533,73,1,180.16,24.9
2238,1010,16,5,736.03,44.3
2239,1768,58,3,623.86,30.6
2240,1177,71,4,322.87,21.2
2241,1209,89,2,178.64,46.9
2242,685,131,4,103.11,22.1
2243,986,64,2,630.93,83.8
2244,371,26,2,845.91,15.3
2245,1912,146,-3,541.04,19.1
2246,323,89,1,49.6,91.6
2247,258,84,2,100.36,2.8
2248,749,128,3,58.87,58.8
2249,1299,39,1,895.88,81.8
2250,1939,19,3,83.3,62.1
2251,763,60,1,513.14,81.3
2252,1579,24,5,845.26,82.2
2253,1815,90,3,716.92,22.3
2254,1252,18,3,618.39,87.4
2255,1418,81,4,361.15,94.9
2256,804,45,4,959.0,63.2
2257,569,111,4,124.72,41.1
2258,153,111,5,241.26,13.1
2259,2,19,4,316.1,28.9
2260,1244,129,5,809.63,66.8
2261,913,79,4,193.9,21.6
2262,50,10,5,113.76,7.9
2263,1545,13,4,734.02,60.0
2264,1052,26,5,540.26,20.7
2265,1995,99,4,938.58,55.5
2266,1981,138,5,735.19,8.9
2267,724,12,4,993.05,62.8
2268,782,143,3,538.62,16.0
2269,1074,40,-1,715.96,15.7
2270,2009,75,1,450.19,63.2
2271,721,120,4,518.19,72.7
2272,59,103,5,605.64,95.2
2273,1226,146,5,374.37,64.2
2274,582,106,5,464.14,7.9
2275,540,112,5,382.02,51.5
2276,764,87,1,764.05,89.3
2277,624,90,3,670.49,79.6
2278,425,23,3,506.26,91.6
2279,430,5,5,721.16,13.5
2280,1969,55,3,244.03,47.0
2281,1628,52,-2,103.92,49.5
2282,222,107,5,112.19,28.3
2283,315,37,1,266.31,5.8
2284,1957,7,3,659.89,99.7
2285,65,10,5,667.48,58.6
2286,428,103,5,632.94,23.7
2287,277,101,3,218.48,20.2
2288,578,16,2,32.36,58.0
2289,641,58,2,985.99,49.2
2290,570,146,1,568.56,64.4
2291,556,40,4,514.42,49.7
2292,205,97,5,160.98,33.7
2293,671,43,4,131.76,3.7
2294,1954,98,3,744.84,45.2
2295,1953,21,1,661.0,51.9
2296,1692,133,3,851.59,16.6
2297,1808,106,1,405.53,4.3
2298,236,33,2,490.36,55.3
2299,996,143,5,384.71,19.4
2300,288,83,4,829.98,81.0
2301,578,4,3,149.02,79.9
2302,1138,140,2,837.21,19.1
2303,1779,20,4,303.7,4.2
2304,1716,9,1,696.97,38.0
2305,1203,32,1,606.26,24.9
2306,14,68,4,456.93,78.3
2307,1027,32,5,831.67,81.5
2308,1261,97,2,956.63,67.7
2309,623,142,4,670.74,21.1
2310,93,72,2,97.77,75.6
2311,228,80,5,14.66,98.3
2312,1429,30,2,447.71,58.7
2313,2005,93,4,417.0,57.3
2314,98,76,4,662.28,50.3
2315,142,68,1,810.28,35.4
2316,557,40,3,460.44,66.1
2317,551,69,1,32.18,21.5
2318,922,149,3,615.37,97.0
2319,1238,28,2,709.48,39.3
2320,1260,104,3,963.65,7.1
2321,35,116,2,353.84,94.0
2322,1140,102,1,245.23,68.5
2323,55,86,5,298.85,78.7
2324,463,74,4,26.21,28.1
2325,1068,77,4,877.43,37.9
2326,1196,131,5,256.06,6.9
2327,1331,28,2,30.23,5.4
2328,1635,19,-4,447.29,95.0
2329,455,80,4,597.54,80.9
2330,1914,27,1,115.09,88.5
2331,1176,10,4,281.64,2.4
2332,549,92,3,337.52,59.2
2333,466,133,2,306.52,56.5
2334,1437,42,3,232.67,98.6
2335,1393,60,1,363.39,90.7
2336,1551,150,1,585.69,38.5
2337,713,29,2,957.46,61.3
2338,935,117,2,220.37,56.8
2339,876,127,2,719.07,15.2
2340,1624,135,5,379.24,33.0
2341,1712,123,5,660.56,38.8
2342,190,62,3,277.11,20.1
2343,1567,100,4,443.12,3.3
2344,746,123,5,873.35,82.5
2345,257,32,1,391.64,33.9
2346,1662,49,5,934.79,37.1
2347,620,137,4,695.49,44.8
2348,607,2,3,847.72,23.1
2349,514,26,2,725.68,98.6
2350,1531,93,5,325.54,60.4
2351,113,45,-3,392.48,5.4
2352,165,15,1,87.75,32.7
2353,145,144,5,261.63,25.2
2354,1277,23,5,856.14,0.1
2355,1139,50,5,533.2,30.3
2356,1705,144,5,853.43,47.8
2357,1910,68,2,666.98,52.9
2358,1821,63,4,629.99,41.3
2359,744,18,3,607.88,12.6
2360,1087,36,5,25.89,21.3
2361,1490,32,4,483.29,6.3
2362,1997,40,2,193.64,26.2
2363,1286,109,4,509.21,31.7
2364,1211,119,1,437.37,1.5
2365,462,147,5,735.5,65.9
2366,287,103,5,806.02,91.2
2367,1819,150,5,263.74,84.6
2368,1732,81,2,189.08,61.5
2369,529,72,3,761.32,24.8
2370,1290,139,4,437.83,11.3
2371,238,57,1,224.68,42.6
2372,1450,144,-5,502.18,8.5
2373,1439,15,3,772.07,91.0
2374,342,14,4,175.87,35.6
2375,312,69,1,954.76,95.4
2376,239,102,4,398.29,2.2
2377,664,138,5,797.32,17.5
2378,1348,126,5,471.07,22.7
2379,1878,92,5,976.86,85.3
2380,710,38,1,258.58,45.1
2381,151,56,1,987.7,96.3
2382,448,91,5,395.98,65.3
2383,214,143,1,295.21,85.0
2384,63,93,1,400.93,24.9
2385,1041,43,2,630.14,99.4
2386,1048,44,4,800.37,3.9
2387,1467,22,5,175.91,44.1
2388,724,39,3,187.97,47.2
2389,1264,141,4,298.45,54.5
2390,1380,42,1,492.61,69.8
2391,429,41,4,626.58,73.1
2392,188,94,-1,885.58,3.2
2393,622,33,5,133.18,87.7
2394,98,3,1,996.05,13.5
2395,79,136,2,234.76,70.5
2396,557,71,2,201.5,45.7
2397,1177,147,1,145.84,95.7
2398,1242,102,1,225.01,42.2
2399,874,143,5,473.89,67.6
2400,423,72,1,910.33,6.4
2401,204,149,4,466.99,3.1
2402,595,26,3,332.55,65.6
2403,614,106,2,830.98,17.0
2404,2003,92,3,11.04,81.8
2405,1975,107,4,103.22,71.9
2406,676,96,2,164.0,24.5
2407,1354,84,5,505.7,54.8
2408,1327,61,4,353.09,27.1
2409,1433,104,3,178.49,34.0
2410,407,28,5,91.5,91.5
2411,1674,112,3,835.65,46.3
2412,1131,11,5,224.94,98.3
2413,1204,6,1,258.45,96.4
2414,1093,121,-5,122.14,54.4
2415,1821,34,3,182.2,99.2
2416,1961,76,3,662.45,36.4
2417,93,91,3,565.71,44.3
2418,1228,23,5,111.44,18.8
2419,1214,79,5,759.8,46.8
2420,906,27,3,92.32,38.9
2421,1828,147,3,467.43,94.9
2422,224,43,3,185.63,77.7
2423,1453,97,5,65.48,91.5
2424,940,19,4,134.26,50.8
2425,1058,59,5,12.0,98.8
2426,800,64,1,731.87,57.2
2427,982,33,5,469.21,63.3
2428,1426,57,4,215.19,67.7
2429,1807,38,5,515.8,73.4
2430,1149,132,5,653.7,54.6
2431,1590,120,2,398.95,24.3
2432,1837,2,-5,472.91,49.6
2433,1193,77,5,782.92,31.3
2434,1316,80,3,280.72,85.0
2435,826,44,5,745.1,13.5
2436,1897,60,3,301.23,45.2
2437,1164,8,1,937.0,73.4
2438,1188,133,5,332.74,62.7
2439,1163,147,1,966.3,36.4
2440,923,128,5,333.22,66.6
2441,148,80,4,996.02,21.8
2442,80,54,4,61.51,44.3
2443,1652,100,4,98.45,92.1
2444,396,1,3,494.47,53.5
2445,321,129,2,324.94,1.4
2446,838,88,5,134.25,55.4
2447,89,36,2,930.05,68.3
2448,401,81,2,695.88,71.1
2449,584,68,5,596.26,5.4
2450,263,125,2,79.46,42.4
2451,1815,92,1,317.39,34.5
2452,86,106,2,117.98,25.1
2453,1996,93,3,565.78,79.9
2454,228,145,2,253.04,66.3
2455,1301,4,2,843.53,32.5
2456,830,44,1,869.96,90.6
2457,486,76,1,286.87,55.7
2458,1375,95,1,372.87,81.1
2459,682,105,1,216.18,33.3
2460,1021,80,4,923.32,21.6
2461,1000,50,4,578.68,60.1
2462,1687,134,4,182.05,74.2
2463,1159,37,4,948.3,42.4
2464,36,48,2,153.92,56.4
2465,691,118,1,774.39,3.7
2466,1876,18,-4,956.4,67.8
2467,115,54,2,256.59,61.2
2468,1228,30,4,385.48,72.8
2469,397,60,2,590.23,63.5
2470,1517,97,5,784.28,60.9
2471,1742,123,3,89.61,17.3
2472,1774,33,1,885.04,51.1
2473,911,14,3,318.98,62.0
2474,1506,114,5,790.34,89.1
2475,128,41,4,694.5,51.9
2476,1521,43,1,424.28,57.7
2477,597,108,3,368.85,58.0
2478,1805,4,3,845.42,41.7
2479,40,68,4,442.76,69.5
2480,1673,119,3,221.43,55.0
2481,962,138,4,264.57,44.2
2482,1432,82,5,481.16,45.8
2483,889,132,1,502.62,45.4
2484,1118,134,3,65.99,59.9
2485,301,19,4,708.91,75.6
2486,897,51,-1,866.36,7.5
2487,869,102,1,545.04,1.1
2488,1414,121,4,969.57,57.7
2489,132,135,2,194.95,12.3
2490,1561,93,3,242.03,37.3
2491,171,22,4,578.92,8.6
2492,1395,134,3,442.79,93.1
2493,3,103,5,488.47,89.8
2494,81,27,4,725.91,5.5
2495,120,109,3,975.17,57.9
2496,1223,39,4,649.88,29.4
2497,110,24,3,39.81,82.9
2498,105,28,4,498.88,73.7
2499,362,39,1,351.28,28.9
2500,1406,45,2,37.61,1.2
2501,1270,122,4,272.69,46.1
2502,1360,109,3,324.68,86.7
2503,1533,43,3,349.82,38.4
2504,1261,43,3,60.88,8.3
2505,716,11,2,941.45,78.7
2506,191,59,2,869.06,78.9
2507,810,115,5,382.42,11.5
2508,772,82,1,346.79,76.7
2509,938,12,3,800.94,52.1
2510,801,71,5,276.51,61.2
2511,434,44,3,286.83,4.5
2512,524,145,3,619.12,55.8
2513,530,82,3,149.63,44.1
2514,200,15,1,911.49,51.8
2515,1765,65,1,413.31,42.4
2516,1135,43,3,80.99,35.7
2517,242,14,5,819.64,45.4
2518,1333,137,3,13.27,75.9
2519,303,89,4,618.12,94.8
2520,275,85,1,300.02,82.6
2521,1059,141,4,865.14,71.8
2522,132,66,3,610.81,54.0
2523,792,150,1,251.67,45.6
2524,1477,122,5,986.73,88.0
2525,881,128,1,339.27,4.7
2526,1640,47,2,426.7,86.4
2527,1270,117,5,591.73,54.2
2528,964,85,3,515.16,88.3
2529,1980,2,1,119.97,61.0
2530,1479,55,5,418.87,89.1
2531,2006,117,5,336.21,99.1
2532,1191,64,2,518.35,2.7
2533,571,76,5,481.12,24.2
2534,1371,18,3,981.28,41.0
2535,279,62,2,868.47,6.2
2536,954,86,1,615.22,51.8
2537,1983,9,2,135.66,13.1
2538,614,55,2,837.81,96.0
2539,1813,106,4,637.56,16.2
2540,1787,17,3,800.8,10.5
2541,430,126,5,546.81,18.6
2542,1106,107,1,82.19,69.7
2543,1276,103,5,379.83,35.4
2544,1707,8,3,169.42,85.5
2545,361,44,3,915.3,52.3
2546,887,81,5,835.01,61.3
2547,1889,80,5,179.73,50.2
2548,1419,115,5,884.01,32.8
2549,163,43,2,815.42,54.0
2550,943,43,1,213.56,15.9
2551,1777,134,4,439.3,29.3
2552,1904,35,4,430.34,54.2
2553,693,136,2,465.45,37.9
2554,499,124,-2,451.59,22.6
2555,1987,2,1,409.67,66.6
2556,455,89,3,814.2,75.4
2557,1304,88,3,891.25,17.3
2558,265,10,4,60.65,33.1
2559,731,16,5,941.81,77.6
2560,1303,89,2,816.74,81.0
2561,47,66,3,46.55,72.7
2562,701,106,3,523.6,72.6
2563,457,118,5,650.99,29.3
2564,977,18,5,362.89,58.4
2565,1770,118,3,236.68,39.1
2566,1790,3,3,300.53,96.5
2567,1900,111,3,501.96,22.8
2568,366,42,5,287.01,60.2
2569,953,109,-4,891.71,23.9
2570,1926,72,3,959.09,42.2
2571,845,83,1,210.3,8.5
2572,97,63,2,578.04,2.9
2573,1478,97,5,148.06,22.4
2574,1126,141,5,776.19,7.6
2575,35,56,1,210.67,28.0
2576,668,34,4,637.71,45.0
2577,1571,82,4,926.37,36.6
2578,1272,149,3,669.45,29.6
2579,698,146,5,374.0,36.8
2580,664,100,2,138.33,71.0
2581,235,74,3,898.08,55.9
2582,1930,34,2,740.37,66.3
2583,1657,136,1,647.01,50.1
2584,153,25,4,874.3,61.0
2585,190,96,3,493.97,71.1
2586,123,35,2,476.22,38.6
2587,537,132,4,732.0,54.7
2588,117,93,2,684.79,24.2
2589,188,73,2,878.66,28.6
2590,355,112,5,237.38,64.4
2591,46,46,5,798.23,8.9
2592,80,43,3,356.81,57.2
2593,126,123,1,609.74,25.3
2594,1866,84,2,305.97,0.8
2595,1218,30,1,207.93,30.3
2596,478,94,3,475.63,20.2
2597,1405,46,5,893.03,42.8
2598,381,33,4,120.39,11.6
2599,339,53,5,504.99,99.4
2600,594,144,5,39.2,61.8
2601,104,136,5,712.85,57.8
2602,619,30,3,825.38,10.8
2603,1209,18,1,672.35,19.2
2604,1151,39,2,237.34,43.1
2605,817,77,4,973.93,71.2
2606,142,56,4,692.33,90.2
2607,236,123,5,294.11,32.1
2608,230,41,2,27.81,88.7
2609,1952,111,3,32.68,49.3
2610,1064,89,4,62.74,71.6
2611,1539,118,2,156.26,7.5
2612,1529,7,2,836.07,66.2
2613,1032,15,1,318.88,88.9
2614,2000,147,1,613.99,86.0
2615,870,6,4,18.6,59.4
2616,1872,102,5,400.23,60.5
2617,281,119,2,63.97,49.3
2618,652,7,5,582.1,86.7
2619,1344,51,1,253.4,21.6
2620,63,137,4,779.42,29.3
2621,1110,44,5,247.19,33.5
2622,1722,37,5,526.98,88.9
2623,1718,141,2,945.82,74.3
2624,1783,30,1,894.69,95.5
2625,1974,133,2,862.62,77.8
2626,1016,53,5,550.07,48.9
2627,1153,62,2,534.23,3.3
2628,843,133,3,314.64,42.1
2629,1060,69,4,102.77,23.1
2630,267,28,1,460.08,34.5
2631,906,32,4,263.85,51.3
2632,2002,69,1,256.8,7.9
2633,1115,55,1,704.53,89.2
2634,1104,79,4,389.78,3.1
2635,769,43,1,402.67,74.8
2636,700,70,3,382.19,35.1
2637,1519,64,4,382.88,75.3
2638,1932,23,2,988.7,80.7
2639,1797,81,3,284.41,33.8
2640,1382,8,4,13.82,99.2
2641,190,36,5,156.43,77.5
2642,1984,121,5,907.56,68.7
2643,1335,54,4,393.63,53.0
2644,1348,84,1,838.54,63.1
2645,1618,8,5,781.99,60.5
2646,1399,30,3,74.29,41.2
2647,532,136,1,630.22,56.2
2648,1527,9,4,20.52,42.0
2649,1901,148,5,338.71,71.0
2650,372,66,5,288.66,74.9
2651,675,22,3,981.07,75.2
2652,1425,34,3,477.28,16.9
2653,25,18,1,650.12,44.7
2654,945,73,5,698.63,31.9
2655,642,55,1,553.05,82.3
2656,1863,24,5,688.42,68.4
2657,186,143,-4,966.13,10.3
2658,1276,87,3,451.23,95.2
2659,491,145,1,305.23,28.2
2660,1748,63,3,316.81,35.1
2661,1817,55,5,485.98,67.5
2662,1461,126,3,575.91,55.5
2663,99,84,2,381.47,63.7
2664,968,88,1,520.06,13.0
2665,133,120,5,959.99,67.5
2666,1218,1,3,490.2,57.7
2667,854,103,1,261.51,38.2
2668,1983,130,1,244.91,75.8
2669,1639,78,3,873.8,48.9
2670,1666,87,5,970.22,18.5
2671,1478,144,4,676.32,97.1
2672,10,144,1,887.92,63.3
2673,354,41,3,91.11,65.0
2674,1697,42,1,756.18,40.6
2675,1200,104,1,414.88,2.0
2676,739,56,2,829.8,64.7
2677,130,136,4,137.93,10.8
2678,1699,121,1,14.58,75.7
2679,44,63,4,489.98,77.7
2680,1049,112,4,752.7,93.9
2681,75,9,4,572.79,88.9
2682,560,40,5,674.02,69.2
2683,624,105,5,934.2,17.6
2684,122,69,4,813.01,39.5
2685,875,71,4,94.36,59.8
2686,211,70,4,500.92,57.7
2687,2001,34,2,756.02,6.1
2688,368,58,4,63.06,12.5
2689,1359,96,3,952.68,22.3
2690,1865,119,1,754.72,82.0
2691,81,23,4,435.52,34.3
2692,557,123,4,371.26,12.5
2693,410,148,4,595.59,2.5
2694,734,105,2,602.48,20.9
2695,890,67,2,133.87,53.3
2696,820,134,2,234.72,14.0
2697,1751,46,2,190.31,75.1
2698,73,121,2,825.43,73.3
2699,109,150,1,315.63,65.5
2700,1836,115,1,16.08,19.8
2701,1560,138,2,887.8,51.5
2702,752,22,4,132.24,64.6
2703,1282,57,1,442.69,59.2
2704,1315,30,3,480.13,42.1
2705,1107,99,1,299.31,84.4
2706,620,126,2,667.36,53.9
2707,1272,8,2,326.59,71.3
2708,923,110,2,524.78,36.3
2709,1487,143,2,217.32,80.3
2710,1236,120,4,914.14,67.7
2711,446,96,2,27.74,16.5
2712,767,108,5,964.13,79.8
2713,1395,3,1,399.14,43.4
2714,1330,10,5,406.26,45.8
2715,1013,77,4,829.69,57.7
2716,506,92,2,725.54,8.9
2717,474,80,5,150.9,47.0
2718,212,103,3,245.8,67.7
2719,1174,66,4,617.01,91.7
2720,412,83,5,788.94,28.6
2721,1595,121,3,62.92,49.1
2722,307,38,-1,737.62,94.5
2723,779,43,4,354.17,39.1
2724,420,53,2,288.66,50.5
2725,438,110,5,669.19,0.5
2726,254,78,1,550.97,43.1
2727,1490,54,1,976.28,74.6
2728,624,143,4,887.14,62.8
2729,961,93,5,631.95,27.9
2730,883,6,1,601.47,49.6
2731,600,144,3,111.91,28.6
2732,1669,108,2,438.15,57.5
2733,1873,60,4,541.86,76.8
2734,1525,147,3,34.84,33.2
2735,1881,114,1,544.61,89.4
2736,907,139,1,504.94,97.7
2737,1670,104,3,510.57,61.9
2738,810,15,2,154.05,4.5
2739,1321,100,5,284.02,80.2
2740,339,77,3,775.66,23.2
2741,831,29,5,190.73,10.2
2742,66,17,2,10.08,54.6
2743,1778,75,3,384.85,0.1
2744,1644,104,1,263.26,27.6
2745,1872,21,5,428.9,18.6
2746,693,61,1,728.39,81.6
2747,642,105,3,711.61,71.1
2748,1308,12,5,47.19,82.9
2749,1068,56,5,375.94,84.5
2750,1465,58,-4,518.05,31.6
2751,2001,124,2,197.06,51.9
2752,1794,76,1,811.59,85.6
2753,1110,144,1,59.53,74.8
2754,186,146,5,771.87,11.6
2755,1281,92,3,339.36,57.6
2756,1515,148,5,414.73,43.8
2757,1629,2,4,538.59,64.2
2758,303,42,5,752.46,94.8
2759,1858,26,-3,602.16,8.4
2760,451,20,2,763.59,27.9
2761,1970,68,2,46.14,5.2
2762,437,19,4,935.96,47.1
2763,1139,115,3,258.61,0.7
2764,140,34,2,722.21,65.0
2765,796,95,5,943.48,42.9
2766,192,142,2,434.46,83.1
2767,168,34,1,864.16,71.0
2768,1792,57,5,199.69,18.2
2769,1792,149,5,722.04,13.6
2770,309,73,2,816.91,34.1
2771,1348,27,5,846.59,88.1
2772,1297,104,1,860.88,4.8
2773,64,17,3,145.28,4.9
2774,865,104,1,787.09,77.6
2775,1823,65,5,258.83,79.6
2776,88,128,5,907.5,25.7
2777,1131,145,2,329.05,28.0
2778,62,86,-4,829.49,91.2
2779,1696,117,2,265.96,39.8
2780,452,90,5,573.64,4.1
2781,1246,37,3,666.83,65.8
2782,736,114,4,908.16,17.9
2783,1382,104,5,753.99,60.5
2784,1652,25,3,393.79,85.7
2785,285,103,5,127.85,98.9
2786,769,4,5,139.08,78.2
2787,266,100,5,89.38,75.9
2788,1575,3,5,769.15,30.8
2789,554,106,4,485.7,4.6
2790,776,126,2,822.41,29.5
2791,1837,128,3,952.09,20.6
2792,303,46,3,961.22,34.0
2793,1522,1,4,523.39,74.5
2794,1269,17,3,455.35,10.8
2795,116,3,3,627.81,90.8
2796,677,49,2,720.4,51.5
2797,848,59,1,291.71,14.9
2798,1487,22,-1,883.78,92.1
2799,1877,58,3,726.91,79.3
2800,1431,8,1,808.41,53.8
2801,1049,51,2,682.51,63.5
2802,987,39,5,690.73,30.4
2803,198,136,1,151.54,9.3
2804,1926,133,5,85.41,10.9
2805,88,80,5,166.81,40.8
2806,1064,112,5,811.71,67.9
2807,970,89,4,867.51,41.7
2808,616,137,5,147.99,74.9
2809,1688,76,2,749.11,12.8
2810,670,120,1,970.15,68.0
2811,1134,64,1,255.51,36.6
2812,1080,121,2,163.04,98.7
2813,969,97,4,710.05,53.2
2814,1987,129,4,449.51,72.3
2815,1282,19,4,685.59,82.2
2816,799,49,5,107.21,77.7
2817,812,9,2,483.36,29.6
2818,169,68,3,223.77,63.6
2819,1650,74,4,358.69,59.1
2820,783,119,3,315.33,93.2
2821,1219,25,5,811.72,68.4
2822,466,149,2,933.17,16.5
2823,1261,7,-4,751.26,74.6
2824,620,128,2,367.48,71.1
2825,1667,18,5,734.99,52.3
2826,1910,14,4,948.29,99.6
2827,268,40,1,501.65,25.5
2828,1881,126,2,903.51,58.3
2829,1884,42,2,171.54,22.9
2830,541,113,5,18.71,45.0
2831,640,102,5,557.8,31.0
2832,1759,118,4,22.91,40.3
2833,1562,1,3,673.85,44.9
2834,286,141,2,853.24,12.0
2835,1613,149,5,829.85,21.3
2836,851,143,5,791.19,76.3
2837,536,51,2,851.24,90.6
2838,738,111,5,572.07,66.2
2839,824,102,4,37.3,27.3
2840,475,65,1,655.16,26.5
2841,1068,144,3,96.11,96.7
2842,1762,40,4,967.04,18.1
2843,797,23,2,476.47,70.8
2844,1455,65,2,627.79,52.9
2845,842,93,3,739.42,82.0
2846,1454,67,3,171.09,62.3
2847,1546,54,2,764.25,41.0
2848,807,46,3,491.42,46.1
2849,976,54,4,364.08,55.9
2850,1707,66,3,998.43,7.3
2851,1587,141,-5,654.1,79.9
2852,1612,50,4,204.48,60.7
2853,1004,8,4,37.99,7.5
2854,218,1,3,311.28,18.3
2855,1991,41,3,759.35,26.2
2856,27,135,-1,951.01,9.7
2857,1592,5,3,315.31,62.9
2858,1235,88,5,981.33,48.1
2859,1889,147,1,383.99,66.6
2860,372,101,1,122.58,80.1
2861,939,58,2,676.25,5.7
2862,793,41,5,896.33,91.1
2863,961,94,1,365.1,68.2
2864,322,31,4,120.05,33.6
2865,197,53,4,627.22,18.3
2866,848,109,1,510.44,40.6
2867,1098,17,5,39.76,75.6
2868,1239,89,4,503.45,98.6
2869,1700,55,5,949.15,91.6
2870,842,128,3,55.81,38.3
2871,811,90,4,596.56,80.8
2872,1507,100,3,388.09,25.9
2873,543,90,4,356.82,62.8
2874,564,82,4,649.54,71.7
2875,49,127,3,173.8,64.7
2876,559,81,5,879.1,64.2
2877,1798,90,1,283.26,86.7
2878,1983,96,4,233.42,21.6
2879,762,48,4,723.01,12.1
2880,778,135,3,47.68,91.9
2881,60,54,4,60.09,80.3
2882,721,99,1,222.33,81.1
2883,1718,12,1,803.15,87.9
2884,1058,116,2,633.48,43.2
2885,597,110,4,270.15,98.3
2886,1845,10,4,251.4,85.1
2887,1851,147,4,621.23,26.4
2888,301,148,1,287.26,81.6
2889,182,126,1,439.03,48.3
2890,1397,101,5,302.53,51.8
2891,946,121,4,206.17,19.6
2892,1710,68,1,255.35,88.9
2893,1343,122,3,530.46,21.0
2894,1938,47,3,412.84,18.6
2895,1488,121,4,337.45,75.6
2896,175,31,5,941.73,60.0
2897,1473,56,4,572.14,12.7
2898,520,134,3,965.57,96.0
2899,1509,64,2,500.74,93.5
2900,685,3,5,491.83,6.6
2901,1644,94,4,123.51,3.0
2902,84,117,4,530.07,76.1
2903,618,69,4,514.73,19.6
2904,521,90,5,465.13,43.3
2905,1352,2,3,868.64,87.8
2906,982,3,2,193.2,86.7
2907,1678,100,5,804.57,25.6
2908,170,133,4,328.99,62.4
2909,1942,11,3,553.07,65.9
2910,1521,52,5,995.87,97.2
2911,1283,88,3,158.74,61.9
2912,255,10,3,899.44,60.7
2913,1275,57,4,26.22,60.0
2914,1865,103,2,355.86,96.9
2915,61,31,4,804.23,27.5
2916,124,54,2,924.77,2.6
2917,1997,24,5,560.63,92.1
2918,2005,137,2,144.33,3.9
2919,1750,33,4,808.71,5.5
2920,255,15,1,910.0,34.7
2921,1452,133,4,362.12,75.6
2922,916,135,2,941.47,15.0
2923,675,27,3,377.87,8.5
2924,298,36,2,439.41,27.4
2925,728,48,1,871.47,36.5
2926,858,21,5,339.86,33.8
2927,110,109,5,729.29,85.2
2928,1731,129,3,456.22,10.3
2929,31,73,3,587.28,11.5
2930,667,35,1,656.14,28.8
2931,85,7,2,446.4,85.1
2932,740,54,3,371.43,33.3
2933,1759,35,1,665.73,44.7
2934,615,116,4,629.45,93.4
2935,1177,31,2,130.56,51.4
2936,591,64,5,485.11,47.0
2937,1011,85,1,893.24,60.0
2938,1705,107,3,464.54,26.5
2939,1829,34,1,201.49,56.4
2940,1350,85,4,367.19,22.1
2941,1905,111,2,449.52,62.4
2942,770,40,3,911.71,98.6
2943,1392,51,4,806.24,94.2
2944,1943,52,1,279.92,49.6
2945,1678,73,1,960.58,33.6
2946,594,87,3,888.29,36.4
2947,384,143,1,956.53,66.4
2948,1627,107,4,417.69,5.4
2949,1255,78,3,988.57,74.4
2950,1030,14,4,297.23,7.9
2951,1866,144,3,324.45,15.9
2952,1186,58,4,394.01,38.4
2953,1922,63,5,870.99,66.8
2954,1073,133,5,983.41,54.6
2955,51,96,1,791.11,55.2
2956,191,53,1,177.35,16.2
2957,68,61,5,709.08,94.0
2958,1024,1,5,667.36,88.9
2959,1304,17,4,561.8,61.5
2960,581,106,4,774.06,43.2
2961,1807,35,3,740.45,54.4
2962,1433,48,1,744.14,40.5
2963,570,106,2,310.42,84.8
2964,1328,43,5,762.82,59.9
2965,491,84,4,520.69,68.3
2966,909,146,3,172.92,38.8
2967,181,66,3,387.1,61.0
2968,1166,64,5,96.39,32.7
2969,827,51,3,616.97,1.0
2970,776,143,5,939.05,80.5
2971,1957,108,5,669.33,80.8
2972,1838,138,1,186.15,13.9
2973,299,35,2,269.96,56.0
2974,1850,54,1,234.25,70.7
2975,110,17,4,207.73,41.4
2976,1448,127,5,503.94,5.1
2977,676,84,3,677.4,44.9
2978,1679,118,3,504.9,56.2
2979,2006,34,3,916.98,63.7
2980,870,68,3,218.76,41.4
2981,957,28,1,259.08,43.4
2982,515,16,3,295.38,8.8
2983,884,26,4,866.13,13.7
2984,170,136,5,350.86,94.4
2985,697,26,4,239.26,31.7
2986,655,68,1,988.95,91.2
2987,1454,122,5,899.55,41.1
2988,382,13,4,780.52,12.9
2989,197,130,1,617.52,7.7
2990,89,33,1,605.12,52.9
2991,1844,105,3,365.04,59.9
2992,272,47,-4,354.59,62.0
2993,232,129,3,822.52,4.5
2994,13,94,4,127.89,4.0
2995,1220,36,2,113.19,55.0
2996,695,29,2,286.1,44.7
2997,318,22,1,611.54,44.3
2998,179,106,2,354.63,85.6
2999,413,106,4,968.18,34.0
3000,1563,84,2,335.1,15.0
3001,285,104,1,630.91,47.3
3002,932,2,3,889.81,35.6
3003,1725,11,4,429.13,0.3
3004,156,22,1,699.34,9.1
3005,1781,47,5,971.98,36.5
3006,1177,60,2,21.61,86.5
3007,578,21,5,871.52,41.9
3008,115,49,4,149.55,10.8
3009,66,102,2,684.99,41.2
3010,685,147,3,29.43,72.1
3011,1754,79,1,546.65,3.3
3012,103,73,5,394.39,36.5
3013,854,2,2,319.13,70.9
3014,620,14,2,7.88,82.0
3015,245,68,4,237.12,92.9
3016,1325,119,2,15.67,96.7
3017,126,88,1,705.24,87.4
3018,1841,145,2,746.13,9.3
3019,1735,136,5,112.9,37.9
3020,76,127,3,952.08,23.7
3021,1153,18,2,981.13,68.6
3022,1828,97,5,608.54,54.8
3023,1333,55,1,995.05,37.6
3024,58,66,5,724.07,4.3
3025,1470,91,3,828.89,97.9
3026,415,128,3,853.23,99.0
3027,14,47,5,870.0,46.9
3028,657,47,4,452.92,58.1
3029,842,99,1,788.7,81.9
3030,1150,6,4,740.81,2.6
3031,1924,1,2,589.7,6.8
3032,1171,18,1,655.41,4.9
3033,279,44,4,529.74,34.5
3034,1369,126,5,851.88,78.5
3035,1375,99,5,508.99,88.1
3036,1154,103,3,309.38,2.8
3037,415,93,3,393.39,79.8
3038,1215,91,2,865.99,90.2
3039,420,146,3,934.08,66.3
3040,1497,45,5,354.95,4.9
3041,870,135,4,418.99,47.3
3042,248,29,5,492.61,49.7
3043,1934,62,3,376.95,98.5
3044,1366,79,3,220.08,23.5
3045,1186,32,5,181.56,14.5
3046,165,98,5,892.6,42.6
3047,305,29,4,579.44,56.9
3048,1179,62,2,679.85,21.3
3049,1567,56,5,44.41,64.1
3050,1056,61,4,332.78,33.1
3051,352,71,1,776.67,95.6
3052,1033,143,1,161.86,59.1
3053,404,32,3,454.8,57.1
3054,262,22,2,443.29,46.0
3055,1855,146,1,652.77,68.6
3056,900,15,3,319.68,96.5
3057,1014,145,4,83.48,30.1
3058,258,82,3,210.36,24.8
3059,157,127,1,354.96,85.7
3060,1984,70,4,517.99,73.3
3061,1212,91,3,991.85,18.6
3062,404,105,2,538.16,89.0
3063,2000,138,1,318.85,1.7
3064,558,149,2,645.0,27.3
3065,124,38,-1,858.82,78.0
3066,534,72,5,842.29,15.0
3067,3,19,1,507.41,87.7
3068,1252,55,5,959.59,76.3
3069,1201,83,2,214.09,30.7
3070,1299,84,1,718.06,3.8
3071,939,24,3,871.3,83.7
3072,1911,78,2,833.01,33.4
3073,853,46,-2,961.71,83.1
3074,514,44,4,148.37,25.0
3075,1004,64,1,668.08,22.9
3076,1870,88,1,834.03,25.9
3077,1477,64,1,926.71,52.5
3078,106,92,4,112.81,19.0
3079,532,1,1,913.07,16.5
3080,999,99,3,517.02,90.5
3081,519,86,1,273.46,19.2
3082,891,4,4,144.78,34.1
3083,1639,111,1,698.16,87.9
3084,900,96,5,728.39,54.9
3085,1442,78,3,594.69,17.0
3086,1767,27,1,652.16,16.0
3087,1245,75,3,114.61,0.7
3088,1671,102,5,901.77,58.1
3089,583,40,2,10.69,12.1
3090,1456,78,1,890.58,15.2
3091,1037,112,3,620.18,50.3
3092,801,77,4,546.04,69.1
3093,383,99,5,459.78,66.8
3094,1949,80,1,956.81,69.4
3095,1862,39,3,720.73,56.0
3096,195,133,1,318.07,13.7
3097,825,61,5,293.37,54.3
3098,1993,38,1,882.0,87.7
3099,809,123,2,834.46,63.0
3100,324,81,1,250.66,83.5
3101,519,109,2,443.81,3.9
3102,789,35,1,620.98,73.2
3103,1300,127,5,641.59,91.0
3104,810,139,4,702.3,89.6
3105,1768,115,2,652.04,17.8
3106,1410,56,-1,700.46,88.2
3107,150,127,1,966.7,14.5
3108,1648,47,2,435.1,28.9
3109,1526,54,5,595.56,48.5
3110,1542,82,2,700.82,22.0
3111,1649,131,5,578.68,90.8
3112,1988,118,2,551.53,42.6
3113,1812,60,1,355.52,91.4
3114,474,95,1,580.92,7.1
3115,874,21,5,652.55,31.9
3116,958,121,1,983.49,99.7
3117,2008,143,-3,553.82,77.4
3118,579,103,5,201.83,34.7
3119,853,19,4,241.49,93.4
3120,1868,66,5,554.68,74.0
3121,351,150,2,336.15,10.1
3122,1689,84,2,614.27,35.1
3123,847,91,2,114.19,74.8
3124,204,128,1,312.08,10.7
3125,1763,92,4,735.46,1.0
3126,1504,126,1,241.16,88.3
3127,289,108,2,866.84,48.7
3128,1659,11,4,993.08,19.9
3129,1390,140,2,116.48,51.6
3130,1817,146,5,751.37,35.3
3131,1382,82,4,877.94,95.4
3132,1850,82,2,948.25,42.3
3133,1020,79,2,608.29,95.4
3134,216,129,1,405.74,97.4
3135,885,149,3,889.18,67.3
3136,482,5,5,247.24,41.7
3137,763,12,1,133.34,50.1
3138,1447,23,-3,450.5,13.5
3139,866,141,1,473.23,44.6
3140,393,73,2,570.03,57.4
3141,1750,33,1,962.83,28.0
3142,1361,53,4,310.25,13.0
3143,740,6,1,297.76,39.5
3144,1289,32,3,238.24,36.6
3145,933,13,5,722.15,76.0
3146,1403,92,2,426.15,86.1
3147,268,20,1,712.22,80.1
3148,1554,142,5,499.33,55.4
3149,930,113,4,918.24,86.5
3150,984,33,4,790.88,60.6
3151,1989,117,5,645.01,80.0
3152,1038,71,4,364.44,58.7
3153,1515,131,5,809.45,8.4
3154,935,138,2,557.74,68.6
3155,1996,80,5,729.27,4.0
3156,1629,125,1,805.83,51.0
3157,1858,139,5,639.37,23.8
3158,288,72,1,828.1,60.1
3159,1196,145,2,319.62,3.1
3160,1058,117,3,13.39,97.7
3161,1974,51,1,461.34,65.7
3162,1407,90,3,720.39,75.6
3163,547,10,3,452.92,93.9
3164,1216,129,4,875.15,53.8
3165,1899,35,2,975.08,79.9
3166,65,36,1,680.74,0.9
3167,1575,18,5,987.23,78.2
3168,217,126,4,539.73,1.6
3169,195,80,1,554.19,40.9
3170,857,39,3,960.13,12.6
3171,1687,67,4,565.14,41.4
3172,1650,129,1,465.87,77.9
3173,322,13,3,694.47,66.0
3174,1546,35,1,311.42,37.6
3175,1086,124,5,658.98,25.6
3176,1392,15,1,264.48,96.1
3177,208,129,4,933.83,57.3
3178,1724,120,5,27.22,85.5
3179,1903,131,2,428.87,97.8
3180,507,92,1,690.89,81.6
3181,1613,95,1,596.7,89.8
3182,45,118,2,274.46,72.9
3183,1820,121,4,299.54,97.3
3184,1602,36,3,318.63,87.5
3185,421,87,1,261.55,63.7
3186,1713,8,1,382.28,48.9
3187,824,9,5,363.68,12.9
3188,1383,109,3,785.25,43.8
3189,501,144,3,269.19,13.6
3190,246,28,1,963.5,31.3
3191,1170,37,5,416.02,70.2
3192,1743,113,3,764.37,99.7
3193,1990,33,2,721.24,62.5
3194,219,149,3,817.94,65.7
3195,375,89,2,557.38,59.3
3196,1047,86,1,876.52,17.1
3197,689,127,1,319.57,87.3
3198,1042,116,1,809.25,36.1
3199,1685,92,3,184.93,70.4
3200,1001,71,4,567.67,26.5
3201,70,14,3,53.56,0.9
3202,1790,100,5,301.16,43.4
3203,1376,94,4,803.32,49.7
3204,1609,75,5,654.96,38.0
3205,287,66,-1,29.24,15.7
3206,1659,112,3,48.31,75.6
3207,1708,57,5,145.63,63.2
3208,64,102,4,952.44,36.1
3209,1627,76,1,205.29,68.6
3210,446,60,2,750.77,97.9
3211,609,131,2,934.75,25.9
3212,317,92,4,159.52,92.5
3213,1611,68,4,572.06,72.6
3214,1636,91,3,712.7,35.4
3215,1039,50,1,727.02,49.3
3216,1395,28,2,531.44,13.3
3217,1399,42,3,217.21,96.5
3218,1364,27,2,464.36,91.8
3219,63,72,3,729.76,38.9
3220,204,97,1,235.25,7.9
3221,33,35,-3,708.81,80.5
3222,1236,75,2,680.78,33.9
3223,1625,35,5,445.14,93.1
3224,987,54,3,321.75,26.5
3225,470,35,4,716.87,52.0
3226,857,89,5,124.1,1.2
3227,1003,18,4,261.17,89.4
3228,1954,146,5,668.15,38.3
3229,1703,128,3,72.94,90.3
3230,229,2,1,562.51,55.9
3231,929,146,2,988.2,5.2
3232,1723,59,2,109.92,13.0
3233,395,80,3,519.61,5.2
3234,328,96,4,608.5,82.9
3235,1077,5,2,5.26,5.9
3236,57,123,5,89.96,15.7
3237,1070,72,5,350.43,24.5
3238,1433,10,3,135.75,21.0
3239,1661,133,5,722.97,94.6
3240,739,8,4,201.71,19.7
3241,1129,112,5,864.41,88.6
3242,138,44,4,954.97,73.4
3243,453,132,1,627.15,42.3
3244,1057,139,4,341.39,99.1
3245,1178,12,1,300.19,82.9
3246,1846,75,2,678.77,12.8
3247,880,32,3,291.59,69.0
3248,1625,70,2,766.61,32.4
3249,1955,38,3,110.52,87.7
3250,397,52,3,859.02,90.4
3251,1606,9,4,444.41,89.4
3252,1797,93,4,535.23,44.7
3253,1962,112,1,460.44,15.1
3254,1945,61,1,654.85,45.0
3255,650,14,2,77.12,16.0
3256,1800,69,1,359.59,67.0
3257,302,113,3,548.85,27.0
3258,2001,52,4,392.03,6.8
3259,916,149,3,182.54,43.2
3260,1208,57,2,669.89,94.9
3261,1952,128,2,122.22,36.4
3262,379,64,1,9.84,55.3
3263,1352,90,5,788.73,11.5
3264,1446,100,3,383.75,0.7
3265,1483,86,1,917.29,81.1
3266,1339,53,5,35.67,90.2
3267,1682,104,2,341.69,18.9
3268,662,138,4,270.63,89.0
3269,1760,113,4,817.29,2.8
3270,90,128,4,275.99,37.7
3271,1613,114,2,36.23,5.1
3272,1211,125,1,991.87,89.2
3273,794,98,5,242.17,91.0
3274,382,123,1,709.33,80.0
3275,1514,96,3,834.17,43.7
3276,306,128,3,311.07,27.4
3277,741,65,2,113.28,73.4
3278,963,67,2,687.62,17.2
3279,280,148,2,870.17,83.4
3280,1722,145,2,786.55,1.4
3281,252,36,2,663.51,0.7
3282,1942,90,5,422.81,92.4
3283,745,119,3,651.65,38.0
3284,647,60,4,578.85,89.2
3285,1677,103,3,494.09,78.7
3286,922,122,4,720.98,38.5
3287,985,91,4,130.09,50.0
3288,701,80,2,332.88,32.1
3289,1006,147,3,625.09,51.9
3290,1216,37,5,470.68,29.9
3291,342,142,1,365.01,4.1
3292,349,120,5,784.72,23.2
3293,1608,98,3,801.4,14.0
3294,1967,10,4,249.53,80.0
3295,507,140,1,697.82,100.0
3296,490,21,2,112.95,11.2
3297,539,65,1,504.26,32.3
3298,655,75,3,358.7,57.0
3299,154,118,3,936.72,34.6
3300,1072,116,2,957.86,88.0
3301,1028,23,4,658.45,32.8
3302,1957,111,4,973.51,24.7
3303,1655,148,5,358.62,88.5
3304,1361,137,3,923.81,32.7
3305,1852,150,1,993.22,77.5
3306,886,109,2,934.6,30.7
3307,1442,101,2,802.7,68.4
3308,282,93,4,837.33,48.5
3309,392,13,4,95.0,87.8
3310,1906,15,4,681.28,99.7
3311,1476,49,2,542.33,66.0
3312,1875,94,2,638.76,57.2
3313,1842,98,3,175.66,30.5
3314,555,39,4,40.47,39.1
3315,445,91,2,41.29,15.6
3316,270,62,4,675.23,9.1
3317,482,81,1,316.8,85.5
3318,1717,71,3,894.5,6.1
3319,1084,89,3,54.02,28.0
3320,1956,64,5,941.95,51.5
3321,1311,120,5,29.32,26.5
3322,2004,4,-1,470.72,9.6
3323,483,62,3,939.01,12.9
3324,973,91,2,346.43,44.1
3325,261,58,4,340.87,31.0
3326,591,47,4,909.59,40.6
3327,1826,148,2,746.25,12.8
3328,948,18,1,349.02,93.4
3329,1812,57,3,638.4,56.9
3330,968,139,5,972.57,64.4
3331,371,122,3,193.0,70.5
3332,144,12,2,224.94,91.9
3333,225,89,2,601.46,56.7
3334,646,23,4,949.19,80.2
3335,1515,48,1,983.11,3.4
3336,802,12,3,8.84,27.6
3337,807,101,3,270.71,25.1
3338,1534,108,5,590.3,25.3
3339,1557,119,1,631.11,16.5
3340,905,62,4,322.54,46.2
3341,1285,115,5,922.13,32.0
3342,116,49,5,542.7,37.2
3343,90,16,5,667.27,21.2
3344,701,109,5,647.16,47.6
3345,678,142,3,416.12,47.9
3346,633,62,4,292.85,80.3
3347,452,97,2,356.94,78.9
3348,847,17,5,337.51,74.9
3349,682,127,1,207.99,97.3
3350,1675,128,5,398.9,67.5
3351,1674,149,5,411.35,78.9
3352,1609,115,2,745.24,15.3
3353,810,36,3,92.83,56.4
3354,1818,68,2,341.82,48.0
3355,755,34,2,233.7,39.6
3356,144,110,3,310.35,5.7
3357,967,57,1,791.12,15.5
3358,293,52,-1,364.9,75.7
3359,1375,43,2,609.32,36.9
3360,1380,35,3,559.21,2.6
3361,1387,51,5,605.44,92.1
3362,1913,76,2,752.77,40.3
3363,50,113,1,508.25,31.1
3364,804,144,4,225.87,92.9
3365,1393,54,5,520.45,50.6
3366,1523,5,3,531.73,33.5
3367,1613,123,4,793.79,37.7
3368,1742,37,2,330.76,73.4
3369,502,106,3,922.2,82.0
3370,340,70,4,470.19,19.2
3371,494,111,3,419.11,10.5
3372,1920,99,3,91.5,4.8
3373,1052,141,4,389.18,73.9
3374,1069,44,4,275.48,25.1
3375,522,93,1,87.97,95.7
3376,664,59,4,668.88,27.3
3377,1997,61,5,869.48,54.4
3378,249,49,4,271.52,42.1
3379,277,127,2,604.46,78.5
3380,1250,24,5,777.02,87.7
3381,1638,56,1,100.32,76.4
3382,13,26,2,366.99,21.6
3383,497,56,4,680.49,29.1
3384,2009,125,2,50.27,24.4
3385,1875,9,4,834.58,18.3
3386,38,117,2,488.53,32.0
3387,1429,2,-1,691.81,65.6
3388,1540,97,1,869.48,84.3
3389,1682,80,2,531.95,25.7
3390,1770,124,5,118.16,91.3
3391,1473,30,4,118.0,97.6
3392,1466,35,5,485.22,53.3
3393,68,61,3,658.5,73.3
3394,1764,52,5,286.62,71.3
3395,367,98,2,667.74,1.3
3396,1230,20,2,548.65,13.9
3397,718,99,2,164.38,14.8
3398,1811,29,2,103.23,46.7
3399,595,56,2,171.63,38.6
3400,208,130,1,115.26,80.3
3401,960,35,5,953.32,0.7
3402,683,66,2,755.24,43.2
3403,33,147,2,302.37,48.3
3404,1931,6,3,286.5,67.4
3405,405,72,1,780.41,6.1
3406,917,1,3,529.98,50.2
3407,597,115,4,66.97,78.2
3408,894,13,4,735.17,55.9
3409,49,76,4,831.62,34.0
3410,660,2,3,88.79,90.3
3411,931,63,5,930.2,13.8
3412,53,141,1,908.24,13.0
3413,185,50,2,259.34,42.7
3414,786,11,5,367.06,17.9
3415,645,121,1,639.85,83.2
3416,973,118,1,53.78,39.3
3417,1924,131,4,558.37,95.2
3418,184,66,2,830.31,44.8
3419,52,140,3,686.32,94.0
3420,1347,16,5,914.34,10.0
3421,1730,86,3,700.21,50.0
3422,952,19,4,586.55,33.8
3423,818,10,1,570.4,79.0
3424,628,124,3,870.65,46.7
3425,265,143,2,9.18,70.4
3426,472,42,3,443.23,65.7
3427,389,91,2,637.93,64.4
3428,549,122,5,784.92,36.1
3429,358,49,4,218.89,72.5
3430,1827,66,1,34.86,81.6
3431,1031,51,4,715.3,80.0
3432,787,69,3,139.64,45.5
3433,477,101,3,797.08,34.7
3434,1235,142,1,419.23,45.4
3435,1990,86,2,973.44,86.7
3436,1755,100,3,632.61,5.7
3437,869,16,2,121.11,69.1
3438,767,66,4,882.83,98.5
3439,1790,44,4,800.71,52.8
3440,1817,118,2,36.99,27.6
3441,1637,79,1,207.37,87.1
3442,173,87,1,268.81,57.6
3443,1163,74,3,170.87,81.3
3444,1089,77,3,381.67,50.6
3445,153,32,2,978.81,40.8
3446,1315,65,5,662.32,28.8
3447,1800,45,5,256.92,72.8
3448,1335,127,5,377.78,64.5
3449,738,16,2,467.39,81.0
3450,1934,57,1,857.35,48.0
3451,1879,120,2,813.7,55.8
3452,1516,7,2,725.6,9.2
3453,615,137,2,641.75,82.6
3454,345,13,3,987.85,63.6
3455,1295,108,-4,737.7,59.0
3456,55,106,4,246.13,44.6
3457,210,17,2,521.28,49.1
3458,1288,3,1,427.62,85.0
3459,172,27,3,111.94,16.5
3460,2004,1,1,910.23,76.2
3461,985,139,2,418.55,99.5
3462,1971,29,2,925.88,6.0
3463,164,141,3,298.88,37.2
3464,1267,116,4,507.73,26.1
3465,127,72,1,838.96,13.6
3466,1315,126,4,173.73,70.6
3467,867,91,1,580.92,17.0
3468,1727,70,3,459.67,32.4
3469,895,126,2,703.82,60.9
3470,471,128,1,480.47,46.9
3471,1314,54,5,393.0,43.5
3472,1475,56,1,607.22,73.0
3473,649,59,1,571.95,97.5
3474,1656,35,4,533.09,76.7
3475,1268,4,4,855.32,41.9
3476,1386,101,4,22.01,48.6
3477,1633,23,2,502.91,13.0
3478,281,74,4,915.3,52.6
3479,268,76,3,65.58,34.9
3480,1297,96,2,244.2,15.7
3481,501,85,4,42.88,44.7
3482,1887,83,3,461.45,22.4
3483,517,91,5,728.78,75.0
3484,350,142,2,830.3,41.9
3485,1732,126,1,806.41,77.3
3486,1745,45,4,623.06,56.3
3487,877,54,3,787.61,39.7
3488,1789,145,5,618.48,14.2
3489,1362,10,5,440.47,5.9
3490,184,22,3,941.64,28.3
3491,1516,82,3,225.27,69.5
3492,1449,124,2,378.24,24.8
3493,583,34,4,724.4,74.8
3494,122,6,5,400.88,24.6
3495,835,128,1,527.95,18.9
3496,368,49,4,660.72,69.2
3497,210,22,5,805.43,80.5
3498,503,60,2,65.85,81.5
3499,178,64,5,422.54,80.4
3500,1362,51,2,91.73,47.1
3501,99,18,2,36.26,24.0
3502,1485,118,4,784.21,45.5
3503,701,92,4,351.85,33.1
3504,427,130,3,115.27,33.1
3505,513,29,2,112.34,5.1
3506,419,53,5,238.86,4.9
3507,1539,64,2,192.65,94.6
3508,748,134,1,318.33,74.7
3509,47,5,2,435.0,80.0
3510,790,28,4,323.23,99.9
3511,609,123,3,439.79,10.7
3512,861,63,3,736.09,25.5
3513,1428,14,5,178.39,28.2
3514,671,89,4,171.89,3.4
3515,1634,53,3,456.68,76.8
3516,1119,136,2,986.43,55.9
3517,1212,77,5,831.0,35.8
3518,1390,18,3,750.39,70.0
3519,1713,76,4,998.44,43.3
3520,296,2,2,35.02,7.3
3521,621,135,2,378.8,53.8
3522,1012,129,1,589.98,76.2
3523,710,78,1,378.87,93.9
3524,1262,37,2,759.98,95.3
3525,1522,8,2,62.01,69.1
3526,946,9,4,829.51,49.5
3527,1743,64,4,110.32,9.8
3528,26,33,4,802.88,74.6
3529,550,46,3,490.36,28.9
3530,1030,144,2,755.67,49.0
3531,694,14,1,425.79,88.5
3532,1041,120,1,114.26,32.5
3533,1388,108,4,417.51,98.6
3534,89,62,5,391.07,40.7
3535,1165,106,3,120.98,90.7
3536,1203,49,3,191.43,26.1
3537,153,102,5,608.96,6.7
3538,1944,110,2,904.02,45.1
3539,639,100,5,581.84,55.3
3540,1170,105,5,740.83,8.5
3541,460,127,1,628.84,26.0
3542,1169,89,2,814.64,73.2
3543,273,31,-2,138.47,28.2
3544,1472,100,1,207.78,10.8
3545,1169,63,5,469.36,68.2
3546,1074,58,3,813.24,0.4
3547,356,49,-2,351.56,47.0
3548,723,101,4,622.24,28.9
3549,1067,1,3,800.26,88.0
3550,1454,41,1,471.43,1.8
3551,632,114,5,308.08,69.5
3552,1533,59,3,788.11,83.9
3553,1141,39,5,17.8,24.3
3554,7,150,4,332.87,66.6
3555,285,52,1,918.89,96.8
3556,1455,42,1,505.0,7.9
3557,1235,54,1,639.36,42.4
3558,804,45,5,509.58,65.0
3559,1949,72,3,339.61,19.2
3560,1007,45,5,669.5,60.1
3561,64,56,2,348.31,68.8
3562,221,65,2,740.94,12.6
3563,1952,26,3,584.14,34.2
3564,1697,104,2,503.82,55.5
3565,138,102,2,333.11,28.4
3566,599,129,5,358.76,79.9
3567,1035,44,2,909.78,90.7
3568,248,114,3,499.17,26.8
3569,820,91,1,443.26,83.9
3570,1848,100,2,112.98,56.7
3571,551,7,5,889.92,95.7
3572,1151,76,3,193.76,85.2
3573,1517,105,3,864.12,7.7
3574,1882,112,5,346.54,34.0
3575,1960,150,1,851.56,69.7
3576,1476,132,4,191.57,94.6
3577,1334,49,3,386.71,1.5
3578,1598,118,3,35.54,38.3
3579,671,136,2,495.26,4.2
3580,279,8,1,902.87,90.3
3581,1459,141,2,104.7,6.7
3582,1870,102,5,853.17,42.9
3583,336,114,1,227.43,77.4
3584,1835,124,4,5.96,64.1
3585,1427,84,1,492.93,28.7
3586,397,123,5,38.8,26.1
3587,413,101,5,255.0,59.7
3588,1522,109,3,894.79,65.4
3589,1981,13,2,756.28,51.7
3590,1094,42,1,333.86,98.1
3591,1208,108,2,132.14,27.2
3592,1042,145,1,331.14,5.2
3593,186,81,3,610.35,46.7
3594,84,149,1,673.17,96.6
3595,924,82,2,261.34,44.1
3596,475,73,3,247.79,40.2
3597,1680,9,5,556.7,27.6
3598,1177,148,5,381.07,6.8
3599,224,90,2,297.32,93.3
3600,519,18,2,108.05,96.6
3601,86,77,2,860.52,1.4
3602,1356,47,5,316.95,44.8
3603,1681,59,5,761.53,14.0
3604,1454,120,4,392.24,43.0
3605,794,135,2,579.35,32.0
3606,146,80,2,21.61,21.2
3607,1995,137,4,463.83,29.0
3608,399,131,1,200.57,23.9
3609,1165,115,2,707.12,18.0
3610,497,2,5,474.56,34.8
3611,164,57,5,227.15,86.7
3612,963,88,5,440.53,44.9
3613,1011,144,1,554.91,13.5
3614,467,136,1,970.27,99.1
3615,897,129,3,626.12,90.8
3616,1713,4,1,381.18,48.9
3617,1218,121,2,664.08,17.5
3618,1538,104,4,285.39,84.2
3619,530,80,3,319.77,45.3
3620,728,77,4,679.53,94.9
3621,300,108,3,656.42,94.8
3622,100,94,1,948.54,76.2
3623,230,122,3,893.69,78.7
3624,706,110,1,290.41,42.0
3625,1330,106,3,752.15,84.6
3626,1988,130,5,736.56,99.2
3627,458,16,3,181.59,48.5
3628,878,77,1,747.82,90.0
3629,1410,139,2,580.19,24.4
3630,1814,83,3,454.81,33.9
3631,1804,136,3,938.87,63.8
3632,1097,52,-5,805.08,96.2
3633,1514,97,2,114.55,52.5
3634,1583,131,2,909.73,37.8
3635,1964,47,3,952.91,99.8
3636,51,89,2,653.2,27.9
3637,910,25,2,572.94,86.8
3638,1632,147,5,951.67,9.0
3639,1973,58,2,143.8,75.4
3640,2007,149,2,254.45,73.2
3641,739,72,3,69.1,53.9
3642,1104,62,5,90.11,76.6
3643,476,8,3,207.01,91.5
3644,883,78,4,871.72,0.9
3645,1187,93,5,445.81,42.7
3646,1197,24,4,198.73,77.9
3647,123,139,5,410.74,53.6
3648,1967,99,2,55.29,68.0
3649,1932,6,5,578.74,85.1
3650,363,75,5,398.08,93.3
3651,805,52,2,247.87,85.2
3652,86,101,1,967.61,15.2
3653,483,104,2,315.04,4.9
3654,582,21,4,633.53,43.3
3655,521,9,2,232.59,9.5
3656,1413,61,1,769.76,43.2
3657,1989,93,2,837.9,30.6
3658,6,117,5,617.24,92.6
3659,312,91,2,80.57,83.8
3660,1048,21,3,41.2,73.1
3661,1531,16,1,186.74,38.9
3662,858,27,-5,444.99,61.2
3663,1047,98,5,891.75,13.4
3664,149,126,1,547.96,28.8
3665,1790,38,2,909.63,43.1
3666,364,55,3,775.32,57.2
3667,1521,4,3,463.61,80.0
3668,32,133,4,377.99,16.9
3669,53,8,3,841.33,43.4
3670,1108,57,3,658.77,77.6
3671,166,82,3,360.05,73.6
3672,1153,75,5,754.97,57.9
3673,1681,141,2,76.86,78.6
3674,1043,91,5,143.0,84.5
3675,1122,41,1,419.97,43.0
3676,94,123,3,737.99,98.7
3677,1536,76,5,242.42,24.7
3678,1537,44,2,488.91,60.0
3679,1615,130,2,960.48,29.6
3680,1908,101,2,358.01,21.0
3681,545,144,2,758.73,73.7
3682,461,66,1,822.03,28.7
3683,504,12,2,517.77,81.2
3684,118,131,3,855.67,66.1
3685,57,33,3,911.75,46.7
3686,122,65,5,292.5,47.1
3687,1164,121,1,129.25,94.0
3688,21,66,1,359.76,52.8
3689,1409,136,3,399.15,67.4
3690,427,72,4,600.88,40.5
3691,907,97,2,730.96,76.7
3692,1629,38,4,11.65,10.6
3693,2007,129,5,641.21,35.6
3694,1619,150,5,627.02,0.5
3695,506,5,3,141.05,60.8
3696,990,111,4,421.64,29.0
3697,106,26,2,430.22,40.0
3698,942,142,3,71.72,33.8
3699,1816,132,3,233.89,61.3
3700,1959,92,5,244.13,36.7
3701,1808,138,4,981.78,18.8
3702,1145,75,4,706.29,3.0
3703,1269,78,5,458.02,32.9
3704,414,10,4,279.08,58.8
3705,1180,18,4,605.14,36.5
3706,1762,116,3,236.85,38.5
3707,65,65,2,26.13,47.0
3708,823,149,5,101.09,5.1
3709,42,128,3,966.54,31.4
3710,570,42,2,806.09,89.8
3711,1625,117,5,802.87,67.7
3712,1891,100,5,323.67,46.3
3713,507,31,3,36.89,53.8
3714,1139,29,4,941.18,38.5
3715,1422,18,2,555.46,14.4
3716,1721,126,1,759.35,62.4
3717,1043,43,3,261.96,95.5
3718,1280,136,-4,295.74,71.9
3719,1148,50,3,467.87,22.7
3720,570,107,2,207.19,53.0
3721,827,32,-4,438.03,62.2
3722,1122,79,1,7.26,5.9
3723,75,12,4,153.25,77.4
3724,105,11,4,447.31,99.2
3725,1197,42,4,180.58,56.2
3726,677,53,3,743.93,25.9
3727,995,39,5,896.65,37.5
3728,1315,50,5,813.39,40.8
3729,659,94,3,511.19,83.6
3730,1439,124,2,910.24,91.0
3731,661,37,2,357.83,71.4
3732,881,143,4,327.19,71.5
3733,2002,58,4,702.14,25.7
3734,324,16,3,51.51,12.1
3735,838,120,4,355.36,48.0
3736,897,115,1,577.77,70.7
3737,211,84,4,14.22,87.3
3738,366,7,4,689.12,21.1
3739,207,105,4,464.55,13.5
3740,1738,90,4,315.45,95.1
3741,476,131,5,312.44,42.1
3742,259,73,3,387.03,46.7
3743,323,112,1,622.25,39.1
3744,656,48,3,395.91,6.5
3745,1437,121,5,230.3,86.5
3746,1579,111,1,386.96,43.5
3747,587,46,1,281.33,62.7
3748,1417,72,4,225.15,22.4
3749,1980,19,5,469.03,66.6
3750,1822,133,1,36.86,33.3
3751,238,114,2,857.97,75.7
3752,1148,86,4,833.0,13.3
3753,245,90,1,667.27,98.2
3754,1975,96,2,40.94,39.8
3755,1634,33,3,773.58,34.4
3756,1194,45,5,933.11,31.8
3757,309,111,4,29.83,38.3
3758,1363,23,3,485.16,76.1
3759,1547,93,4,80.18,58.5
3760,1067,56,3,71.58,97.9
3761,406,65,3,808.2,33.4
3762,1371,127,1,425.99,16.0
3763,551,102,4,280.85,37.7
3764,1923,64,4,155.41,14.1
3765,1620,116,3,43.93,67.7
3766,5,28,1,171.98,72.1
3767,1144,143,5,603.09,96.7
3768,917,31,3,810.45,89.4
3769,999,4,5,523.59,1.8
3770,1652,4,5,333.05,65.4
3771,86,5,5,196.63,28.3
3772,697,29,1,696.4,89.3
3773,1944,133,2,722.05,65.7
3774,1212,48,5,961.62,77.8
3775,200,146,4,306.94,2.2
3776,1304,75,1,906.19,96.3
3777,1589,30,3,153.29,68.5
3778,1160,102,5,778.44,5.2
3779,548,144,5,784.5,26.3
3780,1484,45,3,391.85,86.2
3781,502,67,2,746.36,36.9
3782,725,31,4,760.22,39.1
3783,1763,55,5,27.59,98.0
3784,1740,129,1,571.96,75.4
3785,206,11,4,530.72,14.4
3786,1909,49,5,795.34,13.0
3787,464,38,1,993.25,89.3
3788,1132,25,4,917.27,41.3
3789,1372,93,5,492.56,32.1
3790,1033,130,1,204.08,24.5
3791,75,70,5,635.32,92.6
3792,1384,91,4,566.78,92.8
3793,353,99,1,376.03,61.3
3794,1361,37,5,952.11,43.6
3795,492,22,4,807.17,47.0
3796,521,89,1,965.43,63.5
3797,1149,35,1,894.55,1.8
3798,1019,7,1,423.39,56.4
3799,1873,99,1,662.24,57.1
3800,458,72,3,100.01,88.0
3801,1427,8,2,744.27,18.6
3802,1435,111,1,838.79,74.8
3803,1755,109,5,424.92,48.6
3804,964,35,4,752.4,71.2
3805,1356,142,1,234.31,25.0
3806,1733,5,5,793.39,64.2
3807,1458,89,4,646.13,18.8
3808,1910,84,3,215.68,22.6
3809,275,127,3,479.51,77.0
3810,517,87,3,52.66,99.5
3811,1068,48,5,97.77,93.6
3812,633,59,4,712.42,19.0
3813,1694,137,4,491.74,83.2
3814,362,74,1,464.81,90.0
3815,1812,64,5,371.66,50.3
3816,916,99,4,578.35,95.2
3817,1398,88,5,245.14,64.5
3818,1994,21,3,852.91,71.3
3819,972,106,5,747.4,44.5
3820,1361,146,1,519.2,43.5
3821,1529,147,1,328.94,71.9
3822,672,17,5,119.19,56.0
3823,355,86,2,961.43,5.2
3824,944,147,2,425.41,40.1
3825,1875,91,5,295.6,96.0
3826,1798,146,4,90.47,47.9
3827,315,141,-2,719.51,12.3
3828,200,105,3,669.47,59.6
3829,655,83,1,588.24,10.8
3830,1572,102,1,448.08,63.2
3831,1648,3,1,6.56,26.5
3832,1055,70,4,160.84,17.4
3833,1843,101,3,426.42,70.4
3834,610,12,5,950.1,34.5
3835,1201,85,4,68.63,65.3
3836,525,61,2,330.91,94.5
3837,1384,128,4,447.06,25.1
3838,1681,86,2,534.37,48.2
3839,1364,113,-1,601.27,25.7
3840,978,47,1,868.11,3.0
3841,175,124,5,843.16,99.6
3842,1450,128,4,833.36,27.3
3843,1730,44,1,293.38,23.0
3844,1025,13,2,221.93,34.8
3845,1906,37,5,884.16,32.6
3846,1508,82,4,730.65,47.5
3847,192,46,1,524.98,22.4
3848,1663,69,4,947.55,41.5
3849,1925,97,1,92.73,60.9
3850,1245,61,2,111.78,57.3
3851,1971,77,4,259.39,58.0
3852,1195,87,3,396.28,99.2
3853,34,52,1,393.12,71.1
3854,111,100,3,262.68,44.5
3855,1518,129,1,112.55,20.4
3856,1568,122,2,749.88,99.4
3857,1238,41,4,485.32,62.9
3858,1643,140,5,395.6,46.1
3859,686,150,3,715.66,3.7
3860,374,99,5,610.94,60.1
3861,599,123,5,14.42,65.7
3862,445,33,1,394.14,57.2
3863,537,17,-4,253.47,75.8
3864,589,124,1,88.17,13.5
3865,139,96,5,67.81,59.0
3866,1542,94,1,339.32,60.0
3867,1419,34,3,692.35,32.3
3868,53,39,4,768.94,54.7
3869,364,61,5,360.03,14.4
3870,1080,96,5,727.57,19.4
3871,1226,41,4,413.49,66.4
3872,1022,93,3,324.35,45.5
3873,1065,3,2,923.68,12.3
3874,724,13,1,934.96,48.0
3875,636,87,3,545.22,65.1
3876,22,143,-1,890.2,82.4
3877,1008,112,3,83.98,21.2
3878,1581,97,5,197.89,38.4
3879,796,57,3,237.8,81.7
3880,1524,59,5,202.64,48.0
3881,303,111,2,920.28,17.0
3882,1895,47,1,222.48,29.0
3883,1309,81,4,55.03,96.4
3884,594,1,1,256.24,13.1
3885,1279,145,4,429.93,59.5
3886,1945,61,5,976.62,41.0
3887,1091,143,3,97.67,75.1
3888,1476,94,2,208.96,44.1
3889,717,77,5,508.44,59.6
3890,1850,63,3,117.67,63.2
3891,1965,100,3,69.2,43.5
3892,656,65,2,480.08,48.3
3893,1312,57,2,510.05,51.5
3894,786,21,1,928.13,75.6
3895,961,138,3,849.1,22.1
3896,1668,8,5,918.55,32.4
3897,588,113,3,233.96,32.2
3898,67,18,3,573.79,27.7
3899,595,121,4,107.63,13.5
3900,506,105,1,339.55,20.2
3901,399,121,3,317.2,90.7
3902,1110,41,1,506.25,73.0
3903,827,144,1,491.35,62.9
3904,1033,122,5,984.31,46.5
3905,507,121,1,458.38,58.1
3906,1485,99,2,414.86,56.9
3907,1022,86,5,976.2,79.1
3908,1406,94,3,663.45,44.4
3909,819,7,2,687.84,1.7
3910,474,38,2,407.74,14.8
3911,708,5,3,335.9,30.4
3912,720,18,4,461.52,31.9
3913,1721,81,4,555.85,71.7
3914,1734,9,5,982.31,67.1
3915,1014,52,3,692.23,80.6
3916,1519,123,4,146.23,52.2
3917,1937,117,3,742.06,97.4
3918,1634,105,2,607.98,44.8
3919,264,100,5,549.77,55.3
3920,1696,134,2,937.19,22.4
3921,1668,29,5,292.34,96.0
3922,636,27,1,482.05,0.3
3923,1411,136,2,375.12,21.6
3924,535,109,5,779.47,76.3
3925,868,138,4,397.69,33.6
3926,1914,96,4,995.7,35.0
3927,1607,84,2,294.16,81.1
3928,1526,34,4,357.02,1.2
3929,673,129,5,550.38,2.6
3930,656,39,3,215.17,48.4
3931,737,12,4,528.76,15.3
3932,34,16,3,790.26,73.5
3933,621,104,5,382.08,52.3
3934,1570,94,1,631.54,96.9
3935,1327,71,-3,443.25,65.4
3936,85,78,3,38.75,64.1
3937,267,147,-4,624.86,3.7
3938,636,62,5,335.37,64.9
3939,1746,58,5,789.57,39.4
3940,827,43,3,307.88,32.5
3941,1524,135,1,730.9,23.6
3942,1563,48,3,264.33,64.7
3943,1255,64,4,672.84,3.5
3944,72,141,3,23.09,70.1
3945,1484,140,5,800.04,41.7
3946,1725,3,3,688.99,37.6
3947,105,115,5,214.7,49.8
3948,1209,102,5,969.78,95.9
3949,211,59,2,858.64,54.6
3950,223,94,2,59.38,38.1
3951,1900,40,4,372.84,23.2
3952,716,33,2,444.17,59.4
3953,353,150,2,357.88,49.8
3954,1197,94,3,41.94,6.0
3955,1036,31,5,468.92,23.2
3956,1554,25,3,933.17,3.7
3957,784,65,1,450.56,89.7
3958,1738,27,3,373.13,43.0
3959,707,37,5,601.6,79.2
3960,586,147,3,799.17,11.5
3961,1496,66,4,596.96,48.5
3962,43,141,5,808.93,44.4
3963,1907,80,3,899.46,81.7
3964,5,31,4,314.44,26.2
3965,554,112,1,695.32,19.0
3966,318,99,3,90.88,19.7
3967,882,54,2,535.7,93.9
3968,738,3,3,577.76,35.2
3969,1784,124,3,342.57,36.8
3970,1031,71,1,648.99,52.6
3971,28,19,4,155.54,18.8
3972,1418,55,2,491.27,93.6
3973,509,41,2,454.05,24.4
3974,257,110,4,441.77,43.4
3975,1867,32,5,582.73,84.5
3976,1101,118,4,753.8,58.4
3977,1178,50,3,788.43,20.1
3978,1305,104,4,411.83,26.1
3979,1975,85,1,233.76,64.9
3980,1324,48,5,36.59,7.6
3981,1461,124,2,452.93,1.5
3982,85,137,2,225.5,20.0
3983,1630,27,1,401.02,28.0
3984,323,138,2,63.03,11.9
3985,1026,94,5,955.26,7.2
3986,1587,140,2,909.54,35.9
3987,1658,149,1,804.45,2.1
3988,874,47,1,239.5,38.0
3989,814,106,1,913.28,65.3
3990,637,34,4,148.88,92.4
3991,1308,38,5,869.48,89.4
3992,204,107,2,129.75,6.0
3993,159,149,3,498.94,65.2
3994,1453,17,5,41.98,99.9
3995,725,109,2,533.32,41.8
3996,1093,24,2,763.99,55.7
3997,1911,11,2,445.31,22.6
3998,111,117,5,87.34,28.1
3999,37,40,2,31.04,5.2
4000,1514,11,4,484.96,63.2
4001,1917,132,3,826.2,89.3
4002,1072,44,5,67.8,16.8
4003,241,40,3,598.07,82.6
4004,1178,45,4,964.25,32.8
4005,608,64,5,552.91,95.1
4006,1003,22,3,508.33,40.2
4007,1230,14,3,62.14,81.4
4008,1176,70,2,754.75,21.7
4009,1227,90,5,362.68,63.9
4010,35,87,3,546.43,54.0
4011,28,9,4,618.99,5.4
4012,909,20,2,794.63,76.6
4013,1448,50,-5,213.43,11.0
4014,1379,68,4,23.29,4.9
4015,64,52,1,989.04,91.9
4016,15,45,4,810.41,38.3
4017,425,71,1,134.8,38.6
4018,465,25,2,296.37,90.4
4019,390,122,-1,90.29,44.9
4020,1193,65,3,50.97,76.2
4021,1305,142,5,78.23,89.6
4022,1724,113,3,798.94,23.3
4023,1644,94,4,600.11,8.7
4024,489,29,3,243.61,94.5
4025,381,97,5,481.54,9.8
4026,669,76,-4,583.21,96.7
4027,913,21,4,665.97,58.0
4028,176,39,4,132.86,49.6
4029,1905,127,5,695.63,67.8
4030,807,119,1,944.16,52.3
4031,1729,30,5,404.04,72.9
4032,203,82,4,866.44,11.3
4033,333,75,3,703.21,50.1
4034,1817,113,3,220.75,91.5
4035,909,121,1,896.22,88.5
4036,1175,103,1,599.13,31.0
4037,1341,122,1,741.58,0.5
4038,1829,24,1,933.47,40.3
4039,946,53,1,652.0,3.7
4040,258,57,4,857.8,66.5
4041,1697,8,1,937.84,96.5
4042,780,109,3,263.23,3.1
4043,1364,34,3,782.24,72.3
4044,1789,39,4,852.54,7.5
4045,574,45,2,306.44,66.1
4046,143,122,1,320.52,29.2
4047,894,136,2,150.13,22.9
4048,1320,76,4,130.66,7.3
4049,1886,15,5,228.19,80.7
4050,1657,87,3,615.31,23.8
4051,866,17,4,846.27,49.5
4052,666,60,2,103.06,43.3
4053,1189,9,-3,780.23,64.6
4054,197,27,2,931.69,64.2
4055,871,4,2,946.75,54.3
4056,94,148,4,836.43,74.9
4057,770,135,1,231.28,1.4
4058,1380,72,3,640.53,48.8
4059,493,58,2,374.26,65.4
4060,1247,123,4,39.26,66.5
4061,738,93,2,837.5,7.7
4062,1439,82,4,53.54,98.3
4063,439,30,-4,520.75,62.1
4064,1427,5,4,739.06,35.8
4065,671,90,3,485.68,57.1
4066,1087,40,3,393.62,50.5
4067,421,45,5,291.58,42.6
4068,186,69,5,40.06,69.0
4069,1841,125,4,515.24,89.2
4070,1046,14,5,396.78,79.9
4071,252,31,2,463.05,58.3
4072,1799,42,5,213.62,95.6
4073,800,89,4,7.3,69.0
4074,1064,110,3,127.67,17.5
4075,238,72,3,792.2,49.7
4076,387,126,2,236.36,49.0
4077,1860,80,1,723.82,1.2
4078,72,124,4,264.6,37.0
4079,135,74,5,147.76,5.0
4080,675,85,5,230.09,87.0
4081,1858,148,1,367.32,68.9
4082,1122,58,4,398.4,67.1
4083,432,117,4,153.22,52.1
4084,865,39,1,89.64,32.1
4085,1819,54,1,55.47,2.9
4086,764,67,1,407.98,57.7
4087,1705,27,3,174.68,13.9
4088,372,9,2,559.93,78.5
4089,659,148,4,307.88,58.5
4090,510,135,-4,975.07,56.2
4091,1064,44,2,128.27,95.0
4092,1671,97,5,651.25,51.6
4093,1659,18,5,375.51,62.5
4094,920,140,5,561.32,77.3
4095,7,72,2,984.68,43.8
4096,474,58,5,794.01,44.5
4097,1178,79,3,843.1,31.3
4098,1754,4,4,20.44,91.4
4099,660,53,5,917.63,55.2
4100,255,143,-5,812.07,56.5
4101,1060,35,3,730.51,53.5
4102,1212,88,5,517.87,73.6
4103,144,76,3,104.81,88.4
4104,481,115,2,772.95,38.1
4105,1827,103,4,217.1,90.5
4106,1174,24,1,998.91,98.9
4107,691,63,-2,492.62,72.6
4108,524,127,1,624.66,97.3
4109,1942,55,2,32.34,9.8
4110,281,74,1,985.04,37.1
4111,977,101,2,186.6,27.0
4112,612,144,2,273.67,47.8
4113,1801,109,3,945.3,83.4
4114,1241,57,1,387.67,91.5
4115,1302,116,1,986.68,90.7
4116,71,141,5,813.64,97.0
4117,480,83,3,16.12,97.9
4118,1238,68,4,281.29,43.5
4119,915,115,5,267.22,99.6
4120,645,93,3,904.66,97.4
4121,1891,72,3,14.57,78.7
4122,1494,81,4,603.41,59.7
4123,1894,66,1,864.77,7.8
4124,715,123,5,24.01,7.2
4125,1609,92,3,312.78,25.7
4126,28,10,1,27.39,71.3
4127,735,99,3,530.78,21.1
4128,1097,93,4,409.26,28.2
4129,1190,73,5,399.33,13.5
4130,124,136,1,44.33,47.1
4131,163,29,1,174.79,89.2
4132,787,96,3,64.58,67.5
4133,676,62,-5,113.31,94.0
4134,1717,66,1,75.8,43.3
4135,1945,100,4,878.7,81.9
4136,208,59,1,778.01,15.6
4137,1196,15,4,166.35,30.7
4138,847,75,5,281.67,59.4
4139,1559,47,5,255.04,30.8
4140,1111,18,2,867.48,85.6
4141,1770,70,4,942.02,68.3
4142,1010,41,5,782.23,45.8
4143,1177,69,1,915.87,29.9
4144,1886,6,5,889.63,57.4
4145,696,104,5,238.45,97.0
4146,1320,129,3,496.86,1.8
4147,1540,123,2,420.97,25.5
4148,1895,12,2,325.02,27.4
4149,229,138,5,457.31,42.3
4150,1171,112,4,807.7,43.3
4151,820,21,1,590.39,60.1
4152,336,33,4,345.8,65.8
4153,232,149,4,498.74,92.8
4154,1626,115,3,321.97,11.7
4155,1733,55,4,797.52,73.4
4156,1689,78,4,856.44,78.5
4157,986,91,1,805.93,84.6
4158,1895,94,1,996.04,75.0
4159,738,66,3,619.61,3.6
4160,1272,83,5,461.0,32.4
4161,1291,69,2,934.12,55.0
4162,1501,122,3,393.42,83.3
4163,840,87,2,691.4,97.2
4164,2006,88,1,952.25,78.0
4165,329,121,4,135.09,62.5
4166,293,84,4,673.89,88.1
4167,1939,70,5,842.29,86.3
4168,1322,6,4,238.58,92.5
4169,1107,48,1,778.98,43.5
4170,542,74,5,200.56,36.0
4171,988,27,5,435.19,22.4
4172,1600,66,4,143.87,49.1
4173,590,29,5,392.64,94.5
4174,684,121,1,803.8,34.3
4175,74,19,1,351.94,61.3
4176,984,54,5,58.2,67.0
4177,130,79,2,825.7,58.0
4178,1940,46,4,832.05,43.2
4179,360,26,3,554.44,9.0
4180,1183,31,3,122.39,69.4
4181,616,11,4,251.04,99.1
4182,1134,25,4,266.85,91.5
4183,197,8,1,810.67,82.6
4184,1856,99,1,983.94,68.0
4185,520,75,2,827.96,55.8
4186,987,74,3,887.18,53.0
4187,497,62,4,309.96,55.0
4188,110,46,-2,874.83,47.5
4189,1624,148,1,208.33,7.5
4190,96,41,3,427.4,61.7
4191,1766,131,3,249.85,46.6
4192,1144,125,4,591.24,24.1
4193,1364,69,5,861.31,7.9
4194,1079,130,4,490.15,25.7
4195,786,76,5,22.92,37.9
4196,1607,98,2,316.93,83.5
4197,1524,20,3,667.39,5.0
4198,42,3,3,462.89,10.2
4199,1219,64,3,459.11,98.8
4200,747,26,4,294.65,39.6
4201,651,54,1,373.18,90.3
4202,63,131,1,305.63,39.6
4203,1955,123,1,62.25,4.6
4204,135,49,4,96.81,95.1
4205,1949,60,1,11.78,94.4
4206,1435,55,4,239.87,59.6
4207,1350,2,1,102.22,88.1
4208,352,142,4,618.5,15.8
4209,1945,1,-3,418.85,20.9
4210,553,104,5,57.74,91.6
4211,175,139,3,723.26,83.5
4212,171,8,1,993.93,3.3
4213,108,63,1,923.11,70.8
4214,672,105,5,62.83,96.4
4215,1230,71,2,797.71,98.1
4216,993,13,5,848.11,25.7
4217,1825,82,3,474.83,0.8
4218,368,67,3,758.34,38.7
4219,1358,29,5,781.46,76.0
4220,529,41,1,501.15,49.9
4221,615,25,5,385.77,36.9
4222,1940,85,1,357.35,49.0
4223,823,98,4,851.03,32.6
4224,555,77,3,906.61,27.9
4225,1993,104,3,496.22,62.9
4226,125,17,3,331.76,12.4
4227,1049,46,4,413.65,25.2
4228,910,66,1,67.45,72.6
4229,239,2,3,448.06,38.2
4230,900,137,1,82.42,26.5
4231,1182,58,4,597.99,65.1
4232,842,81,1,255.32,86.6
4233,661,127,-1,435.26,8.0
4234,937,29,3,711.81,53.7
4235,1842,142,4,254.17,50.7
4236,743,136,4,627.01,92.1
4237,94,34,4,689.62,60.4
4238,1695,60,2,302.9,86.4
4239,22,29,5,365.57,45.2
4240,745,57,5,200.3,95.4
4241,1993,14,3,895.83,67.8
4242,1407,150,1,809.37,80.8
4243,1287,137,4,989.02,53.9
4244,1375,104,2,798.61,6.1
4245,197,139,1,43.11,35.8
4246,79,44,1,719.1,73.5
4247,494,96,4,927.44,61.9
4248,1276,101,1,440.92,37.9
4249,1445,147,4,408.84,80.5
4250,1761,50,4,388.83,98.7
4251,737,97,2,515.87,18.8
4252,125,84,5,873.73,36.0
4253,1936,69,1,23.25,43.9
4254,949,144,2,500.53,9.7
4255,1874,74,2,892.57,75.5
4256,1311,83,1,542.21,51.5
4257,1982,145,2,235.28,2.7
4258,882,81,1,837.36,71.5
4259,2009,128,5,888.15,38.4
4260,1739,2,2,288.2,46.7
4261,105,63,3,62.4,47.0
4262,1342,41,5,849.52,42.5
4263,386,13,1,324.04,63.1
4264,1750,140,1,927.97,32.8
4265,612,139,4,510.4,0.0
4266,993,41,-3,512.97,50.1
4267,911,58,2,187.87,37.0
4268,1099,95,3,898.87,11.7
4269,518,113,4,555.09,47.4
4270,1587,93,-3,126.47,98.3
4271,1417,69,1,92.35,2.5
4272,1683,6,3,967.93,93.6
4273,2005,96,1,72.41,42.8
4274,1716,40,2,475.46,70.0
4275,1586,150,4,268.9,22.6
4276,1253,39,2,676.01,17.8
4277,100,94,4,415.71,41.1
4278,166,32,2,207.57,20.5
4279,1261,81,1,537.53,81.4
4280,1831,74,4,870.29,43.1
4281,876,50,3,88.62,30.6
4282,646,72,5,375.97,42.1
4283,754,150,1,323.02,10.9
4284,1437,28,2,536.44,61.7
4285,1797,62,4,975.85,76.0
4286,17,54,3,244.47,22.2
4287,1294,146,2,389.65,76.9
4288,1251,67,2,10.74,77.8
4289,1711,98,5,431.6,30.3
4290,1024,42,2,466.79,47.7
4291,858,129,4,33.8,20.5
4292,397,143,5,775.76,97.6
4293,389,8,1,97.9,79.7
4294,348,13,3,632.75,46.7
4295,1419,1,4,565.63,66.0
4296,1344,104,4,463.09,93.5
4297,1036,140,1,947.7,38.7
4298,1588,130,4,682.53,52.4
4299,327,80,4,728.28,16.3
4300,1377,129,3,929.25,42.2
4301,1388,41,4,633.14,10.1
4302,1611,114,4,13.35,12.3
4303,1088,2,2,619.71,91.4
4304,1486,136,3,986.15,55.1
4305,1680,137,3,250.45,25.5
4306,652,118,5,916.41,63.4
4307,375,130,1,689.3,42.2
4308,1490,82,4,922.29,60.6
4309,1302,7,3,533.55,72.5
4310,1440,45,2,922.73,64.2
4311,1889,33,2,421.18,87.7
4312,1017,21,1,336.97,95.5
4313,1947,113,1,204.29,7.8
4314,1993,87,1,390.76,13.8
4315,1234,65,3,250.02,83.5
4316,1116,10,2,355.1,86.4
4317,891,80,2,825.79,92.2
4318,562,4,4,765.15,33.2
4319,833,125,4,513.44,31.7
4320,1293,88,2,665.67,30.1
4321,1152,45,4,612.08,57.3
4322,949,108,2,474.82,27.1
4323,49,67,1,108.69,51.7
4324,1893,138,2,527.99,98.9
4325,1646,135,2,393.33,15.5
4326,518,108,4,190.78,41.2
4327,178,103,1,376.06,26.9
4328,1146,21,3,707.5,83.2
4329,841,94,2,9.05,39.9
4330,159,106,2,862.47,85.5
4331,75,20,5,288.32,78.3
4332,1756,28,-1,432.54,35.6
4333,1788,80,3,935.81,24.9
4334,972,103,5,134.64,73.5
4335,611,2,2,911.78,31.5
4336,268,141,3,572.76,93.4
4337,1906,51,2,162.06,41.2
4338,1682,28,4,50.62,44.7
4339,1391,17,4,865.21,81.4
4340,1371,38,-3,360.81,95.0
4341,361,108,2,908.62,25.7
4342,1179,106,3,341.74,91.8
4343,1873,82,3,973.29,28.4
4344,1377,106,3,19.8,50.8
4345,1797,141,3,539.8,49.9
4346,1310,82,5,565.96,73.9
4347,1483,83,1,167.83,78.9
4348,1607,13,2,806.79,9.9
4349,561,64,-2,629.04,99.6
4350,1014,76,4,645.15,28.7
4351,1470,80,2,348.33,45.7
4352,1882,73,4,878.76,5.4
4353,1840,34,4,265.52,63.6
4354,562,131,5,215.03,77.4
4355,1629,20,1,26.67,59.6
4356,598,131,3,169.22,57.0
4357,1303,33,3,505.25,42.4
4358,1967,13,5,967.67,86.7
4359,1057,88,5,645.04,47.0
4360,182,136,3,744.66,22.9
4361,719,30,4,652.4,99.4
4362,419,120,3,693.32,51.4
4363,1748,62,2,592.97,61.0
4364,661,69,4,857.6,61.9
4365,429,42,1,77.96,10.1
4366,806,25,3,972.26,51.1
4367,538,130,4,585.71,76.7
4368,934,95,1,856.46,44.4
4369,1940,34,1,387.91,21.7
4370,368,52,3,134.35,33.5
4371,1962,14,4,259.06,49.1
4372,1273,133,2,501.26,66.4
4373,1988,112,2,836.62,19.5
4374,223,71,5,271.37,86.6
4375,1117,93,2,455.11,71.8
4376,1080,38,2,743.65,1.8
4377,1880,148,3,317.09,48.2
4378,1746,127,5,957.95,36.1
4379,459,19,2,976.14,44.6
4380,467,55,1,642.94,81.7
4381,785,109,1,750.69,85.9
4382,1292,6,1,802.76,78.6
4383,1083,145,4,359.99,81.6
4384,1875,2,4,354.28,63.6
4385,466,14,5,875.21,78.6
4386,1258,56,1,887.69,83.5
4387,1225,143,2,470.33,57.6
4388,344,99,4,775.83,17.9
4389,1386,50,5,93.4,74.7
4390,1369,53,3,541.36,13.4
4391,911,50,3,734.24,31.0
4392,515,30,5,595.75,56.4
4393,647,99,5,179.93,26.3
4394,570,37,1,768.08,44.7
4395,1729,59,3,667.43,41.4
4396,1326,29,4,896.22,15.6
4397,1860,50,1,94.2,53.1
4398,39,27,4,277.52,82.9
4399,880,104,1,729.56,68.6
4400,1984,14,1,717.8,23.5
4401,1575,48,-1,395.25,37.2
4402,1423,108,3,844.94,84.6
4403,809,50,3,726.49,58.8
4404,1996,16,3,340.87,43.3
4405,44,14,2,613.9,29.7
4406,1559,125,2,638.29,86.4
4407,1716,86,4,224.2,83.7
4408,1713,76,1,169.09,59.6
4409,1453,107,5,153.19,20.2
4410,1645,15,4,481.61,85.9
4411,816,14,1,224.15,84.7
4412,680,31,5,124.03,65.7
4413,1751,111,4,676.36,10.4
4414,584,146,4,930.44,38.7
4415,945,18,3,863.68,15.0
4416,1048,126,-2,543.35,31.1
4417,1740,130,5,157.36,77.8
4418,1274,101,4,540.2,43.1
4419,520,60,5,17.15,77.9
4420,1461,84,4,261.06,81.4
4421,727,50,1,852.77,80.2
4422,927,23,2,70.31,32.8
4423,1499,71,5,22.67,15.9
4424,1941,104,3,312.04,60.9
4425,1630,116,1,84.33,79.2
4426,571,56,2,662.36,37.4
4427,1309,138,2,90.36,22.3
4428,1700,28,5,515.09,7.5
4429,1654,7,5,279.39,44.0
4430,886,68,3,64.68,34.7
4431,133,58,3,618.15,90.8
4432,1157,19,1,624.14,68.6
4433,1725,6,5,625.51,84.4
4434,1389,134,1,77.25,96.1
4435,1762,110,1,871.73,38.9
4436,1555,72,4,167.38,0.2
4437,961,8,1,345.57,51.9
4438,1136,3,2,258.67,64.8
4439,1402,83,5,703.16,17.7
4440,69,22,2,368.67,74.6
4441,848,143,1,610.82,17.8
4442,636,120,5,422.25,64.5
4443,554,89,5,864.53,93.2
4444,744,10,1,87.34,13.6
4445,827,35,2,983.39,44.3
4446,1429,84,4,579.37,85.0
4447,1037,93,2,742.69,26.4
4448,525,24,5,244.84,63.4
4449,642,71,3,779.78,67.2
4450,1995,140,1,764.0,36.3
4451,2000,53,2,473.2,1.4
4452,1249,119,4,323.02,16.7
4453,1396,61,2,254.86,14.5
4454,1166,124,3,792.64,88.6
4455,896,126,2,201.29,22.3
4456,861,84,3,772.44,72.0
4457,1830,44,3,615.03,29.3
4458,1391,98,5,191.25,73.5
4459,1533,116,2,28.18,42.8
4460,1291,119,3,725.33,38.1
4461,753,35,3,420.97,75.6
4462,1361,118,1,376.41,2.0
4463,406,116,2,748.53,98.8
4464,616,74,1,937.53,44.4
4465,1551,140,4,511.78,67.6
4466,999,113,1,987.66,58.8
4467,1076,86,1,251.93,18.4
4468,1128,39,1,656.44,77.7
4469,1780,85,5,455.64,74.8
4470,1556,100,4,273.48,28.8
4471,1283,40,3,939.63,15.3
4472,1796,105,2,831.97,67.7
4473,270,99,5,126.41,51.8
4474,1145,111,4,572.45,79.7
4475,1227,10,3,951.41,65.8
4476,1063,19,2,384.23,97.4
4477,1497,48,-4,487.32,37.3
4478,1636,63,1,424.4,19.1
4479,772,107,5,913.35,31.6
4480,1191,19,4,144.47,31.9
4481,1119,1,5,678.97,94.3
4482,1556,8,5,527.66,9.2
4483,943,45,1,914.52,20.4
4484,501,130,4,651.9,98.2
4485,587,70,3,213.37,83.3
4486,232,127,2,993.61,85.4
4487,1145,19,2,716.53,7.6
4488,113,77,3,699.94,4.7
4489,961,85,5,958.76,37.6
4490,536,32,2,558.36,96.1
4491,1077,43,4,600.39,71.3
4492,468,99,1,360.02,69.2
4493,16,55,2,111.35,7.2
4494,918,63,1,869.32,49.4
4495,1116,21,5,535.4,61.1
4496,849,67,-2,120.77,34.4
4497,343,146,4,107.41,57.5
4498,1914,18,-1,462.39,65.9
4499,664,44,1,160.32,54.3
4500,441,46,4,34.75,56.6
4501,1818,80,1,9.86,86.6
4502,795,61,5,816.88,3.6
4503,293,73,4,367.64,69.6
4504,1130,53,1,691.44,88.7
4505,494,29,2,954.94,71.0
4506,667,148,1,275.75,93.8
4507,73,87,3,104.99,22.1
4508,1212,15,4,865.62,93.4
4509,1694,1,2,480.37,9.3
4510,693,108,5,417.8,23.9
4511,456,133,4,956.16,36.2
4512,454,82,5,874.22,1.9
4513,1629,101,5,145.9,37.7
4514,190,62,3,650.14,26.8
4515,1977,66,1,769.7,90.4
4516,1725,75,3,391.57,74.3
4517,121,6,1,144.74,16.9
4518,713,141,1,931.66,0.7
4519,1727,125,5,766.81,3.2
4520,246,100,5,815.68,46.1
4521,1644,25,1,885.97,64.8
4522,1380,73,5,991.65,73.3
4523,709,143,4,832.47,63.9
4524,338,1,1,260.81,97.0
4525,996,59,1,386.54,67.4
4526,1000,23,4,256.26,78.5
4527,1456,150,4,935.93,93.8
4528,132,95,3,358.35,95.7
4529,102,5,2,980.16,71.9
4530,964,109,2,911.71,25.4
4531,1409,53,2,415.77,9.3
4532,1250,41,1,264.77,5.7
4533,541,114,4,46.0,83.6
4534,901,16,3,785.43,1.3
4535,348,52,3,662.44,8.0
4536,192,48,4,548.26,90.7
4537,1897,69,1,680.57,9.6
4538,920,141,5,271.82,16.5
4539,385,104,5,620.34,90.4
4540,1879,150,5,426.17,66.1
4541,1951,16,1,782.53,94.3
4542,569,123,4,379.14,46.4
4543,784,13,2,557.31,92.2
4544,1394,79,1,251.57,98.4
4545,1189,120,5,883.37,88.1
4546,350,3,5,148.53,34.4
4547,1706,136,1,677.8,15.3
4548,289,139,1,762.43,33.7
4549,1100,145,1,792.7,52.9
4550,381,11,5,850.95,33.9
4551,887,4,4,735.28,54.1
4552,465,75,5,23.47,73.8
4553,951,17,4,583.77,64.7
4554,673,26,1,580.75,3.5
4555,994,79,3,351.61,70.7
4556,894,30,5,890.18,24.7
4557,889,79,4,249.45,77.2
4558,651,109,3,610.24,59.9
4559,335,105,5,230.45,71.6
4560,1973,126,3,757.27,19.1
4561,1262,11,1,329.83,40.5
4562,1651,68,1,67.58,23.4
4563,1829,60,4,154.56,57.7
4564,788,111,5,38.23,35.4
4565,178,2,5,164.34,26.8
4566,877,56,2,465.18,53.4
4567,1987,68,1,196.81,7.5
4568,1381,112,4,750.86,14.3
4569,223,44,3,30.05,20.5
4570,987,80,2,125.44,82.5
4571,715,116,4,903.2,99.0
4572,201,84,4,594.49,40.5
4573,1305,134,-1,888.57,26.9
4574,93,94,1,476.55,73.6
4575,829,3,3,521.49,96.8
4576,1623,131,3,685.37,3.8
4577,266,103,3,807.4,18.5
4578,350,53,4,265.99,37.8
4579,1663,112,5,835.33,7.8
4580,1413,49,1,454.17,13.4
4581,1512,2,2,309.0,0.7
4582,1590,59,5,280.8,11.2
4583,587,149,4,189.0,47.7
4584,1995,25,4,207.45,23.4
4585,1330,42,2,637.47,81.0
4586,212,89,5,898.58,65.9
4587,1410,9,5,932.86,8.8
4588,130,62,4,248.13,31.1
4589,970,4,5,158.77,49.3
4590,30,65,4,533.1,7.1
4591,63,107,2,483.37,7.5
4592,1371,57,2,603.73,54.0
4593,1162,15,2,778.21,89.3
4594,1624,133,2,100.92,42.6
4595,1216,108,3,592.11,72.9
4596,1980,43,2,634.18,81.4
4597,1761,41,1,235.04,5.2
4598,1021,148,-5,283.04,49.1
4599,568,144,1,887.94,0.1
4600,216,144,2,205.54,42.0
4601,915,104,3,189.89,81.6
4602,1998,18,5,482.25,22.1
4603,1634,105,4,30.21,41.6
4604,1252,62,3,410.6,56.9
4605,874,75,3,79.08,41.3
4606,1320,107,2,407.64,70.8
4607,975,22,3,906.66,50.7
4608,702,127,4,889.75,36.2
4609,1249,130,3,237.54,7.4
4610,1903,50,5,442.61,31.2
4611,1852,97,2,42.34,13.1
4612,9,100,2,499.05,6.2
4613,982,86,5,790.54,58.8
4614,147,1,4,962.72,43.8
4615,1565,1,2,226.68,79.2
4616,1488,126,1,259.18,62.5
4617,1827,132,5,732.5,31.9
4618,32,27,5,616.65,59.4
4619,7,129,4,210.94,79.1
4620,482,9,2,170.64,47.1
4621,596,11,2,70.63,94.0
4622,747,78,3,523.82,21.2
4623,146,127,1,671.29,75.4
4624,808,87,1,990.78,47.9
4625,1282,147,3,407.7,77.9
4626,1901,105,4,879.21,80.4
4627,1352,21,3,443.3,40.6
4628,337,96,3,379.72,46.3
4629,1046,59,1,760.35,89.6
4630,1776,85,5,460.88,84.7
4631,806,49,1,271.98,100.0
4632,764,135,2,548.82,81.3
4633,1443,103,5,380.28,5.0
4634,1751,82,1,519.94,3.6
4635,1310,58,1,937.99,52.6
4636,216,100,2,125.34,56.4
4637,922,43,5,162.37,74.2
4638,1801,75,1,297.83,94.4
4639,335,71,1,993.67,71.3
4640,901,8,5,920.1,47.5
4641,794,64,5,62.11,64.1
4642,714,51,4,444.85,7.4
4643,224,61,1,401.94,45.5
4644,997,149,5,658.15,64.4
4645,1474,99,2,482.04,46.8
4646,966,116,3,584.71,11.8
4647,1716,68,5,671.67,92.3
4648,1280,53,3,562.02,73.7
4649,1722,147,5,282.44,12.1
4650,793,140,4,523.3,84.1
4651,1195,3,4,521.77,47.9
4652,1157,77,1,126.59,69.3
4653,79,14,5,688.56,79.0
4654,572,116,2,142.02,30.0
4655,309,17,4,65.61,33.4
4656,1330,71,2,905.31,45.6
4657,1787,32,5,931.92,38.2
4658,920,144,5,940.92,3.1
4659,1072,30,5,677.58,1.9
4660,763,118,5,5.42,72.0
4661,218,56,2,838.85,60.1
4662,661,116,4,838.34,93.0
4663,980,101,3,815.4,9.2
4664,1593,104,4,185.39,40.6
4665,1568,104,5,902.53,79.6
4666,804,31,2,245.58,93.8
4667,1638,133,4,424.27,2.7
4668,813,71,3,569.19,45.3
4669,461,64,4,818.04,96.6
4670,589,120,1,383.39,4.8
4671,65,136,1,617.66,89.7
4672,335,7,-5,790.91,58.9
4673,728,83,2,30.75,63.3
4674,874,11,5,43.16,8.0
4675,448,81,2,137.37,30.0
4676,1828,117,1,330.42,69.0
4677,298,107,4,976.18,9.3
4678,984,147,4,744.05,19.7
4679,490,80,3,904.98,2.0
4680,526,97,3,88.55,86.9
4681,1935,94,2,57.78,41.4
4682,438,17,1,638.13,93.8
4683,1819,105,2,371.76,14.1
4684,877,93,3,285.04,74.8
4685,1350,139,1,284.04,97.9
4686,356,14,4,80.75,60.2
4687,1051,131,5,898.69,11.5
4688,431,87,3,877.1,64.1
4689,703,137,4,670.01,42.3
4690,5,131,4,89.23,75.9
4691,1038,117,3,796.11,84.7
4692,1567,119,3,674.3,61.8
4693,1506,138,-3,885.27,13.9
4694,1553,81,3,770.0,41.8
4695,269,6,1,663.56,64.5
4696,1279,117,3,222.43,44.0
4697,1620,81,1,537.47,37.9
4698,1565,70,5,892.58,75.8
4699,1409,5,3,65.88,99.0
4700,1498,91,2,934.42,4.8
4701,1017,88,-2,686.12,58.2
4702,492,54,3,945.87,74.6
4703,796,85,-2,682.95,76.9
4704,710,130,4,305.03,49.8
4705,707,57,4,835.13,81.0
4706,1234,54,5,76.28,57.8
4707,1989,91,5,763.05,54.7
4708,383,4,5,680.46,56.6
4709,1487,115,5,520.84,1.2
4710,1149,93,5,633.01,58.9
4711,1071,5,3,833.42,75.4
4712,860,97,2,642.13,0.4
4713,321,137,4,808.2,50.8
4714,926,149,3,554.41,3.2
4715,995,33,3,50.42,40.0
4716,1867,74,1,212.12,2.1
4717,532,127,5,194.19,16.8
4718,1289,69,3,17.97,47.8
4719,1176,139,4,654.46,74.9
4720,2002,51,2,758.53,48.8
4721,1395,65,1,928.17,89.3
4722,1308,108,4,278.21,6.6
4723,1423,47,5,445.75,42.0
4724,1436,28,1,953.93,90.1
4725,395,20,1,737.83,8.0
4726,454,41,2,989.22,93.5
4727,1956,99,4,876.9,71.1
4728,1945,7,1,803.83,14.8
4729,482,36,1,216.2,85.1
4730,1714,122,3,120.1,38.1
4731,126,61,4,493.99,45.3
4732,1267,32,2,545.67,3.9
4733,1652,66,-5,473.57,81.0
4734,1475,25,1,458.82,73.5
4735,556,110,4,741.5,53.9
4736,1549,6,3,886.97,80.6
4737,1288,82,4,635.06,75.0
4738,1574,22,4,834.29,2.1
4739,1266,56,5,743.57,94.2
4740,1106,56,4,772.06,53.8
4741,1720,55,2,29.68,61.2
4742,54,1,4,28.34,39.3
4743,716,89,3,206.31,70.9
4744,1649,23,3,948.74,21.1
4745,166,37,1,821.09,63.5
4746,1726,23,3,477.33,95.8
4747,1960,8,2,546.36,90.7
4748,1534,4,3,537.59,69.1
4749,1804,95,1,504.61,30.3
4750,475,82,1,683.01,77.9
4751,260,114,1,111.48,40.5
4752,1157,117,5,999.24,90.0
4753,1870,86,3,156.48,41.8
4754,1339,4,4,454.74,0.7
4755,841,71,5,422.09,73.8
4756,596,90,4,875.49,84.0
4757,1166,120,3,295.36,18.6
4758,941,138,4,585.03,57.0
4759,1470,57,4,682.11,57.3
4760,1284,42,4,974.29,65.1
4761,1515,5,1,882.44,35.3
4762,127,20,4,354.39,99.6
4763,1250,57,4,145.13,5.8
4764,1866,108,4,79.93,9.1
4765,1316,89,5,688.26,62.9
4766,1648,24,5,396.58,92.4
4767,1672,5,5,437.24,54.8
4768,179,105,3,400.62,66.2
4769,396,148,1,537.47,35.1
4770,1070,52,2,277.74,56.7
4771,659,134,4,501.28,61.6
4772,1979,38,2,298.32,70.1
4773,870,25,4,801.73,49.1
4774,43,128,5,304.91,60.3
4775,801,78,5,524.88,2.4
4776,1308,86,2,108.73,67.2
4777,1207,90,1,268.49,79.0
4778,898,58,4,106.57,92.5
4779,197,144,2,911.98,39.3
4780,545,27,1,624.76,97.5
4781,536,47,4,850.53,12.9
4782,1252,85,4,940.38,11.5
4783,137,119,4,108.79,37.2
4784,1289,67,5,644.18,2.9
4785,670,91,1,806.55,44.0
4786,1453,125,5,418.91,31.2
4787,611,64,1,123.35,45.6
4788,1098,74,2,542.95,63.7
4789,262,74,3,826.98,80.3
4790,244,49,4,880.56,80.7
4791,998,91,4,314.85,10.7
4792,212,9,5,655.85,29.3
4793,1771,21,2,631.21,82.8
4794,1336,81,2,522.18,28.2
4795,1455,35,1,461.39,7.3
4796,1004,99,1,648.94,99.6
4797,1708,25,-5,682.74,28.2
4798,1864,135,-3,6.98,19.2
4799,1989,41,5,170.74,63.5
4800,536,100,1,329.16,74.9
4801,1423,108,5,255.57,12.7
4802,654,34,5,527.06,92.9
4803,1800,46,4,990.74,4.4
4804,17,7,3,670.78,12.0
4805,1130,64,-5,5.05,33.2
4806,1102,102,2,865.94,73.6
4807,1610,49,2,15.03,7.1
4808,1111,109,1,573.25,17.0
4809,1789,101,5,171.5,36.6
4810,1744,144,1,64.21,0.3
4811,1833,35,2,621.55,16.7
4812,1218,40,3,663.89,40.9
4813,1575,43,2,704.97,39.0
4814,1580,69,5,617.69,35.1
4815,1249,59,2,940.45,35.9
4816,1033,39,3,892.77,64.9
4817,1342,25,2,888.05,8.2
4818,718,143,3,490.81,20.8
4819,307,70,5,720.98,60.1
4820,1617,110,5,470.68,32.8
4821,1336,131,1,617.06,73.1
4822,673,21,3,810.55,56.2
4823,248,132,4,283.16,78.3
4824,1513,66,4,47.71,4.4
4825,862,133,2,970.31,34.7
4826,46,6,4,829.09,55.7
4827,729,21,4,572.0,49.8
4828,1976,38,3,659.31,61.7
4829,1678,108,3,502.72,70.2
4830,870,1,5,108.42,69.5
4831,262,40,2,276.83,18.7
4832,1400,10,3,9.65,97.3
4833,1172,115,1,904.63,30.8
4834,871,93,1,809.77,47.3
4835,327,125,3,292.4,38.6
4836,1961,137,1,216.56,43.9
4837,1236,25,1,859.36,67.4
4838,1415,118,4,310.86,77.0
4839,30,35,3,50.33,15.4
4840,648,89,5,459.4,21.5
4841,887,48,5,931.11,84.9
4842,1962,92,4,350.31,33.2
4843,664,93,4,29.35,95.6
4844,548,43,5,659.55,31.0
4845,969,14,1,58.48,34.3
4846,1313,64,3,242.48,44.5
4847,280,131,5,289.73,45.5
4848,243,85,3,668.03,38.6
4849,988,86,1,650.52,85.3
4850,1210,51,4,537.14,44.1
4851,1342,145,5,283.01,17.8
4852,212,39,2,292.37,61.6
4853,1735,21,4,522.2,86.1
4854,773,118,4,298.04,81.8
4855,1700,1,3,866.74,52.0
4856,899,58,1,686.03,57.3
4857,518,79,5,776.67,39.0
4858,1093,130,5,420.82,39.1
4859,1435,118,5,386.18,96.8
4860,1381,49,1,85.89,61.8
4861,333,115,1,838.04,73.6
4862,57,17,3,138.49,42.0
4863,1428,36,4,907.15,99.5
4864,1904,95,3,540.06,96.9
4865,1174,25,3,642.18,41.6
4866,72,116,4,867.49,10.9
4867,1413,79,2,113.57,73.7
4868,536,45,3,205.81,81.1
4869,115,82,2,837.51,7.8
4870,785,120,2,273.64,20.8
4871,1605,132,3,822.51,20.1
4872,113,119,2,260.15,90.3
4873,1075,98,1,7.86,63.1
4874,476,54,3,283.44,41.5
4875,1980,54,4,249.41,36.7
4876,1455,141,4,665.65,49.5
4877,678,23,2,272.64,64.0
4878,1940,25,3,477.47,65.0
4879,1891,68,5,731.57,79.4
4880,745,37,2,822.84,99.2
4881,1342,44,4,260.19,89.2
4882,1911,61,3,50.23,40.6
4883,238,2,2,270.01,65.6
4884,277,43,4,200.34,5.2
4885,1541,58,3,222.84,36.6
4886,492,143,5,67.99,77.0
4887,1809,113,2,300.6,79.0
4888,87,93,1,490.89,95.9
4889,1723,1,2,463.55,97.4
4890,832,74,-4,14.99,25.2
4891,759,81,1,20.44,41.2
4892,711,10,3,647.3,32.3
4893,1777,35,5,167.99,16.9
4894,517,103,-2,242.88,6.4
4895,77,121,4,838.94,10.1
4896,782,21,2,762.97,79.7
4897,617,40,2,549.85,10.9
4898,443,31,2,273.22,71.6
4899,589,38,3,264.94,59.5
4900,492,34,1,775.13,5.6
4901,391,44,2,546.85,67.2
4902,483,126,3,569.34,71.4
4903,472,98,2,120.99,94.1
4904,377,133,5,278.42,73.5
4905,586,138,1,754.85,89.8
4906,931,93,4,219.45,6.9
4907,1131,120,-2,44.54,5.4
4908,1905,33,2,487.73,18.8
4909,1986,42,3,424.29,49.0
4910,1599,38,2,295.02,81.2
4911,1172,117,4,199.51,72.6
4912,616,40,2,68.71,43.2
4913,340,136,2,854.87,19.7
4914,170,84,2,180.72,16.3
4915,58,8,4,772.55,86.2
4916,1676,25,1,998.68,29.9
4917,694,40,2,255.38,37.0
4918,54,146,5,224.41,70.6
4919,1429,107,3,909.33,69.4
4920,388,118,2,281.94,35.2
4921,701,60,5,211.19,52.2
4922,1932,21,5,732.71,80.7
4923,698,149,2,640.81,26.8
4924,741,131,5,700.82,18.5
4925,977,49,2,18.94,48.2
4926,1790,78,1,505.44,29.8
4927,584,90,4,172.35,62.0
4928,512,98,3,870.09,4.1
4929,781,36,5,460.78,93.9
4930,2,34,2,679.1,36.9
4931,1369,27,3,797.0,74.6
4932,1537,106,3,182.05,30.3
4933,866,130,4,31.04,64.7
4934,544,146,1,405.28,48.4
4935,869,74,3,843.18,32.5
4936,1465,82,-2,274.3,72.6
4937,836,57,1,301.88,5.9
4938,1833,89,2,153.61,84.2
4939,1628,17,1,338.47,84.3
4940,507,94,1,244.57,96.8
4941,382,42,2,738.94,77.1
4942,910,119,3,66.43,43.8
4943,781,130,3,416.51,93.6
4944,956,21,1,735.87,73.2
4945,224,75,2,526.09,0.9
4946,1312,27,3,116.91,50.9
4947,1201,66,-1,586.25,82.7
4948,1596,50,1,689.27,73.2
4949,1880,8,5,286.81,60.1
4950,1962,68,4,90.17,7.3
4951,1375,53,3,79.66,80.1
4952,20,134,2,516.0,55.0
4953,851,114,1,966.83,35.8
4954,238,89,3,937.55,33.2
4955,720,34,1,931.68,47.4
4956,134,139,3,391.34,10.5
4957,241,112,1,178.3,72.5
4958,525,50,2,266.93,3.6
4959,1756,3,4,633.65,95.4
4960,383,32,3,850.11,3.6
4961,1837,2,1,441.52,32.2
4962,1328,46,3,304.14,2.0
4963,1473,110,1,675.88,12.8
4964,472,26,2,673.79,92.3
4965,1342,20,5,833.98,59.1
4966,1584,7,3,812.28,61.1
4967,338,29,5,993.97,58.7
4968,1732,115,2,858.33,30.6
4969,1455,66,5,624.51,80.1
4970,393,12,3,152.91,42.6
4971,982,111,2,627.22,85.4
4972,1832,22,3,42.34,7.0
4973,1159,120,2,152.67,27.1
4974,873,133,4,237.41,38.5
4975,137,131,1,692.71,13.5
4976,1031,92,5,87.83,69.5
4977,392,117,1,578.45,5.5
4978,510,100,4,644.72,1.6
4979,1996,84,2,734.83,67.9
4980,1726,144,4,916.65,41.8
4981,1590,6,1,556.9,0.2
4982,56,123,5,394.12,48.3
4983,43,53,5,222.45,58.3
4984,710,104,1,644.55,49.3
4985,1467,135,3,647.36,64.9
4986,1888,14,1,550.66,4.3
4987,383,130,3,830.3,35.1
4988,760,80,4,800.99,58.5
4989,1587,67,1,215.13,6.6
4990,27,150,2,611.97,4.2
4991,1191,130,1,114.01,89.8
4992,1797,127,5,524.27,61.0
4993,1716,72,1,565.67,95.6
4994,244,86,4,374.49,96.9
4995,1619,127,1,342.3,87.1
4996,216,91,3,646.4,66.5
4997,364,138,5,251.55,55.9
4998,406,109,5,498.22,55.5
4999,738,95,4,854.16,77.2
5000,154,127,3,288.03,59.8
